year,month,pc1eon1_me_njt,stoxx50_me_njt,MP_pm,CBI_pm,MP_median,CBI_median,MP_q25,CBI_q25,MP_q75,CBI_q75,MP_q10,CBI_q10,MP_q90,CBI_q90
1999,1,-0.03244305,-1.44356899,0.00343001,-0.03587306,0.02741208,-0.05985513,0.00156468,-0.03400773,0.03324039,-0.06568344,-0.01885866,-0.01358439,0.02556173,-0.05800478
1999,2,0,0.17415741,0,0,-0.00526412,0.00526412,-0.0034156,0.0034156,-0.00469746,0.00469746,-0.00146256,0.00146256,-0.00326017,0.00326017
1999,3,-0.00244298,0.14332836,-0.00244298,-0,-0.00555376,0.00311078,-0.00482502,0.00238204,-0.00429485,0.00185187,-0.00353658,0.0010936,-0.00279311,0.00035013
1999,4,-0.00972605,0.05465677,-0.00266694,-0.00705911,-0.00651509,-0.00321096,-0.00909031,-0.00063574,-0.00318191,-0.00654414,-0.00974693,2.08799999999999e-05,-0.00146128,-0.00826477
1999,5,0.00593219,-0.38800092,0.00593219,0,0.01469389,-0.0087617,0.01250016,-0.00656797,0.01150691,-0.00557472,0.00892336,-0.00299117,0.00753048,-0.00159829
1999,6,-0.00538321,-0.32633045,0.001715,-0.00709821,0.00717212,-0.01255533,0.00196199,-0.0073452,0.00785678,-0.01323999,-0.00240022,-0.00298299,0.00586631,-0.01124952
1999,7,0.02255331,0.51253552,0.00133347,0.02121984,-0.00421535,0.02676866,0.00854154,0.01401177,-0.00986451,0.03241782,0.01723315,0.00532016,-0.00857856,0.03113187
1999,8,-0.0013876,-0.23559841,-0,-0.0013876,0.00642745,-0.00781505,0.00347662,-0.00486422,0.00611104,-0.00749864,0.00065344,-0.00204104,0.00434782,-0.00573542
1999,9,-0.04540354,0.56936632,-0.04540354,-0,-0.03991155,-0.00549199,-0.04859819,0.00319465,-0.02332907,-0.02207447,-0.04813975,0.00273621,-0.01270363,-0.03269991
1999,10,-0.16755533,-0.59418328,-0,-0.16755533,-0.06581776,-0.10173757,-0.1264832,-0.04107213,-0.01339233,-0.154163,-0.15501768,-0.01253765,0.00357517,-0.1711305
1999,11,0.05510843,0.56751257,0,0.05510843,0.01040047,0.04470796,0.03430251,0.02080592,-0.00563144,0.06073987,0.04786008,0.00724835,-0.00814123,0.06324966
1999,12,-0.00026669,0.24308875,-0.00026669,0,-0.00748099,0.0072143,-0.00498735,0.00472066,-0.00660353,0.00633684,-0.00229611,0.00202942,-0.00456256,0.00429587
2000,1,-0.01188535,-0.54553479,0,-0.01188535,0.01054677,-0.02243212,0.00090054,-0.01278589,0.01262763,-0.02451298,-0.00676861,-0.00511674,0.00967685,-0.0215622
2000,2,0.02468115,1.64447894,0,0.02468115,-0.03736578,0.06204693,-0.01190403,0.03658518,-0.04002224,0.06470339,0.00975919,0.01492196,-0.02967235,0.0543535
2000,3,-0.08137074,0.76771789,-0.08137074,-0,-0.06389056,-0.01748018,-0.08214045,0.00076971,-0.03499414,-0.0463766,-0.0841525,0.00278176,-0.0180369,-0.06333384
2000,4,0.00844771,-0.61104878,0,0.00844771,0.02269354,-0.01424583,0.01894845,-0.01050074,0.01796473,-0.00951702,0.01319869,-0.00475098,0.01181919,-0.00337148
2000,5,-0.00034184,1.98925877,-0.01668231,0.01634047,-0.06029866,0.05995682,-0.03929541,0.03895357,-0.05371528,0.05337344,-0.01703203,0.01669019,-0.03725371,0.03691187
2000,6,0.15807658,-1.01204578,0.15807658,0,0.10962859,0.04844799,0.15017027,0.00790631,0.05505207,0.10302451,0.15945486,-0.00137828,0.02606597,0.13201061
2000,7,0.01753883,-0.35683763,0.02413409,-0.00659526,0.01955526,-0.00201643,0.02145775,-0.00391892,0.01270422,0.00483461,0.01974545,-0.00220662,0.00746996,0.01006887
2000,8,-0.08101364,0.17825452,-0.0678423,-0.01317134,-0.04589478,-0.03511886,-0.07028542,-0.01072822,-0.01903213,-0.06198151,-0.07886123,-0.00215241,-0.00698624,-0.0740274
2000,9,-0.03153834,0.50002942,-0.03153834,-0,-0.03088316,-0.00065518,-0.03580756,0.00426922,-0.01902446,-0.01251388,-0.03431685,0.00277851,-0.01078109,-0.02075725
2000,10,0.07737495,0.34389289,0.0760064,0.00136855,0.0282929,0.04908205,0.05704518,0.02032977,0.00430965,0.0730653,0.07100151,0.00637344,-0.00295211,0.08032706
2000,11,-0.02156421,-0.12609123,-0.00138624,-0.02017797,-0.00697085,-0.01459336,-0.01530511,-0.0062591,-0.00038519,-0.02117902,-0.01953391,-0.0020303,0.001389,-0.02295321
2000,12,0.02158205,0.379688,0,0.02158205,-0.0006855,0.02226755,0.01034624,0.01123581,-0.00645181,0.02803386,0.01742128,0.00416077,-0.00613545,0.0277175
2001,1,0.01010246,-0.19244711,0.01010246,0,0.01086818,-0.00076572,0.012103,-0.00200054,0.00696454,0.00313792,0.01126353,-0.00116107,0.00405763,0.00604483
2001,2,0.01660343,0.33362751,0,0.01660343,-0.00178258,0.01838601,0.0071451,0.00945833,-0.00608357,0.022687,0.01305373,0.0035497,-0.00549748,0.02210091
2001,3,0.09671277,-0.58506954,0.09091114,0.00580163,0.06604082,0.03067195,0.09120665,0.00550612,0.03276137,0.0639514,0.09726956,-0.00055679,0.01530888,0.08140389
2001,4,0.18509346,0.98407921,0,0.18509346,0.06280176,0.1222917,0.13329535,0.05179811,0.00595517,0.17913829,0.16849147,0.01660199,-0.01008387,0.19517733
2001,5,-0.21721537,0.76324528,-0.21721537,0,-0.13167769,-0.08553768,-0.19404612,-0.02316925,-0.05872474,-0.15849063,-0.21384026,-0.00337511,-0.02407249,-0.19314288
2001,6,0.05030898,-0.07171496,0.00372321,0.04658577,0.02732216,0.02298682,0.04288234,0.00742664,0.01076746,0.03954152,0.048645,0.00166398,0.00360872,0.04670026
2001,7,0.04360814,-0.23365763,0.02310666,0.02050148,0.02886666,0.01474148,0.04053405,0.00307409,0.01395893,0.02964921,0.04360599,2.15000000000003e-06,0.00633839,0.03726975
2001,8,0.02543339,-1.16708815,0.06361702,-0.03818363,0.04799334,-0.02255995,0.04385694,-0.01842355,0.03594481,-0.01051142,0.0340888,-0.00865541,0.02299321,0.00244018
2001,9,0.01658983,-0.70821535,0.01658983,0,0.02970158,-0.01311175,0.02756664,-0.01097681,0.02201513,-0.0054253,0.02179004,-0.00520021,0.01400489,0.00258494
2001,10,0.10911758,0.41590751,0.02946434,0.07965324,0.04198749,0.06713009,0.08180217,0.02731541,0.00794052,0.10117706,0.10070948,0.0084081,-0.00287031,0.11198789
2001,11,0.02851834,-0.51717385,0.02851834,0,0.02989137,-0.00137303,0.03365404,-0.0051357,0.01895664,0.0095617,0.03157686,-0.00305852,0.01096599,0.01755235
2001,12,0.02949904,-0.36411508,0.02949904,0,0.02575534,0.0037437,0.03146075,-0.00196171,0.01500046,0.01449858,0.03122802,-0.00172898,0.00814495,0.02135409
2002,1,0.02064142,0.02256732,0,0.02064142,0.00963859,0.01100283,0.01657466,0.00406676,0.00301547,0.01762595,0.01952208,0.00111934,0.00050737,0.02013405
2002,2,0.03254447,0.73011999,0,0.03254447,-0.00579652,0.03834099,0.01251119,0.02003328,-0.01397908,0.04652355,0.02494699,0.00759748,-0.01220161,0.04474608
2002,3,0.01260563,0.20327803,0,0.01260563,0.00015849,0.01244714,0.00640565,0.00619998,-0.00326965,0.01587528,0.01033068,0.00227495,-0.00323746,0.01584309
2002,4,-0.01416075,-0.14846166,-0,-0.01416075,-0.00259294,-0.01156781,-0.00876279,-0.00539796,0.00151807,-0.01567882,-0.01227609,-0.00188466,0.00214127,-0.01630202
2002,5,0.04715893,-0.2537061,0.04715893,0,0.03124804,0.01591089,0.0438546,0.00330433,0.01512313,0.0320358,0.04716519,-6.26e-06,0.00687364,0.04028529
2002,6,0.0057496,-0.28223068,0.0057496,0,0.01140556,-0.00565596,0.01027524,-0.00452564,0.00862196,-0.00287236,0.00786075,-0.00211115,0.00554227,0.00020733
2002,7,-0.00793278,-0.23717285,-0,-0.00793278,0.00320244,-0.01113522,-0.0018885,-0.00604428,0.00500433,-0.01293711,-0.00558368,-0.0023491,0.00408246,-0.01201524
2002,8,0.00227201,-0.52637732,0.00227201,0,0.01704639,-0.01477438,0.01219647,-0.00992446,0.01459662,-0.01232461,0.00659013,-0.00431812,0.00995597,-0.00768396
2002,9,-0.02366379,-0.88099301,-0,-0.02366379,0.01479718,-0.03846097,-0.00223082,-0.02143297,0.01960775,-0.04327154,-0.01519933,-0.00846446,0.01542595,-0.03908974
2002,10,0.03071983,-0.18462331,0.03071983,0,0.02094038,0.00977945,0.02894698,0.00177285,0.01037346,0.02034637,0.03088646,-0.00016663,0.00483991,0.02587992
2002,11,0.02778629,-1.60454961,0.02778629,0,0.06239259,-0.0346063,0.05437627,-0.02658998,0.04815734,-0.02037105,0.04000946,-0.01222317,0.03128835,-0.00350206
2002,12,-0.04331595,-0.89127732,-0,-0.04331595,0.00528195,-0.0485979,-0.0182308,-0.02508515,0.01643467,-0.05975062,-0.03387987,-0.00943608,0.01473321,-0.05804916
2003,1,0.02437889,1.23744907,0,0.02437889,-0.02521394,0.04959283,-0.0041705,0.02854939,-0.0290967,0.05347559,0.01288874,0.01149015,-0.02206649,0.04644538
2003,2,0.02010775,-1.40471361,0.02010775,0,0.05251303,-0.03240528,0.0441267,-0.02401895,0.04141909,-0.02131134,0.03099861,-0.01089086,0.02720159,-0.00709384
2003,3,0.04343564,-1.38558258,0.04343564,0,0.06359872,-0.02016308,0.06298354,-0.0195479,0.04499893,-0.00156329,0.053115,-0.00967936,0.0278943,0.01554134
2003,4,0.02058424,-0.23679494,0.02058424,0,0.01744953,0.00313471,0.02161416,-0.00102992,0.01000108,0.01058316,0.02164557,-0.00106133,0.00535997,0.01522427
2003,5,0.03846894,-1.12156217,0.03846894,0,0.05313504,-0.0146661,0.05371088,-0.01524194,0.0370056,0.00146334,0.04615482,-0.00768588,0.02272819,0.01574075
2003,6,-0.05591729,-0.93779993,-0,-0.05591729,0.00038749,-0.05630478,-0.02770723,-0.02821006,0.01547699,-0.07139428,-0.04552287,-0.01039442,0.01503646,-0.07095375
2003,7,0.01414944,0.17259215,0.00658004,0.0075694,0.00185791,0.01229153,0.00828022,0.00586922,-0.00217092,0.01632036,0.01206265,0.00208679,-0.0025935,0.01674294
2003,8,0,0,0,0,0,0,0,0,0,0,0,0,0,0
2003,9,-0.00494854,-0.15110905,-0,-0.00494854,0.00209318,-0.00704172,-0.00111612,-0.00383242,0.00320694,-0.00815548,-0.00345663,-0.00149191,0.0026058,-0.00755434
2003,10,0.0142864,-0.77918705,0.0142864,0,0.03069507,-0.01640867,0.02705954,-0.01277314,0.02352498,-0.00923858,0.02018638,-0.00589998,0.0152297,-0.0009433
2003,11,0.00453532,0.10115685,0,0.00453532,-0.00078993,0.00532525,0.00175512,0.0027802,-0.00193215,0.00646747,0.00348152,0.0010538,-0.00168933,0.00622465
2003,12,-0.00935051,-0.46528059,-0,-0.00935051,0.00938841,-0.01873892,0.00141637,-0.01076688,0.01090804,-0.02025855,-0.00502192,-0.00432859,0.0082887,-0.01763921
2004,1,-0.00570874,0.32201916,-0.00570874,-0,-0.01258779,0.00687905,-0.01102189,0.00531315,-0.00968798,0.00397924,-0.00815587,0.00244713,-0.00628526,0.00057652
2004,2,-0.00839319,-0.08221407,-0,-0.00839319,-0.00171158,-0.00668161,-0.00530714,-0.00308605,0.00074386,-0.00913705,-0.00732468,-0.00106851,0.00116094,-0.00955413
2004,3,0.0393093,0.24664537,0,0.0393093,0.0121995,0.0271098,0.02757023,0.01173907,0.00024919,0.03906011,0.03546726,0.00384204,-0.00284638,0.04215568
2004,4,0.07296493,-0.37845871,0.07296493,0,0.04792183,0.0250431,0.06757632,0.00538861,0.02301897,0.04994596,0.07285638,0.00010855,0.01037144,0.06259349
2004,5,0.0106747,-0.37566942,0.0106747,0,0.01669241,-0.00601771,0.01616814,-0.00549344,0.01200698,-0.00133228,0.01334868,-0.00267398,0.00751327,0.00316143
2004,6,-0.01047553,0.16367397,-0.01047553,-0,-0.01018501,-0.00029052,-0.01184626,0.00137073,-0.00625396,-0.00422157,-0.01137816,0.00090263,-0.00353581,-0.00693972
2004,7,0.00049905,-0.2621215,0.00049905,0,0.00817246,-0.00767341,0.00555219,-0.00505314,0.00715769,-0.00665864,0.00267784,-0.00217879,0.00492932,-0.00443027
2004,8,0.0006859,0.05590263,0,0.0006859,-0.00134677,0.00203267,-0.0005309,0.0012168,-0.0013874,0.0020733,0.00018554,0.00050036,-0.00101558,0.00170148
2004,9,0.01226794,-0.1622594,0.01226794,0,0.01103846,0.00122948,0.01329622,-0.00102828,0.00653051,0.00573743,0.01307795,-0.00081001,0.00359007,0.00867787
2004,10,-0.01174128,-0.06097013,-0,-0.01174128,-0.00402774,-0.00771354,-0.00848402,-0.00325726,-0.00041699,-0.01132429,-0.01070036,-0.00104092,0.00061244,-0.01235372
2004,11,-0.00543329,-0.07725479,-0,-0.00543329,-0.00038153,-0.00505176,-0.0029642,-0.00246909,0.00112979,-0.00656308,-0.00453976,-0.00089353,0.00120144,-0.00663473
2004,12,0.01333335,-0.34658875,0.01333335,0,0.01714274,-0.00380939,0.01778966,-0.00445631,0.0116894,0.00164395,0.01564335,-0.00231,0.00708866,0.00624469
2005,1,-0.03347474,0.02423328,-0.03347474,-0,-0.01746985,-0.01600489,-0.0280726,-0.00540214,-0.00653104,-0.0269437,-0.03217033,-0.00130441,-0.00196156,-0.03151318
2005,2,-0.00350263,-0.32887773,-0,-0.00350263,0.00818941,-0.01169204,0.00356234,-0.00706497,0.00825567,-0.0117583,-0.00058297,-0.00291966,0.00599871,-0.00950134
2005,3,-0.00718546,0.16930795,-0.00718546,-0,-0.00871027,0.00152481,-0.00924434,0.00205888,-0.00582826,-0.0013572,-0.00828361,0.00109815,-0.00349307,-0.00369239
2005,4,-0.01347769,-0.31312757,-0,-0.01347769,0.00272581,-0.0162035,-0.00497021,-0.00850748,0.00607945,-0.01955714,-0.01024096,-0.00323673,0.00525453,-0.01873222
2005,5,0.00148418,0.25566349,0,0.00148418,-0.00698565,0.00846983,-0.00379051,0.00527469,-0.00663529,0.00811947,-0.00072971,0.00221389,-0.00471909,0.00620327
2005,6,0.01500552,-0.14392818,0.01500552,0,0.01185316,0.00315236,0.01519363,-0.00018811,0.00651673,0.00848879,0.01553827,-0.00053275,0.00337024,0.01163528
2005,7,0.01925217,0.93338077,0,0.01925217,-0.01858647,0.03783864,-0.00243366,0.02168583,-0.02179536,0.04104753,0.01054649,0.00870568,-0.01660536,0.03585753
2005,8,0.001029,-0.05242843,0.001029,0,0.00209921,-0.00107021,0.00187656,-0.00084756,0.00159479,-0.00056579,0.00142294,-0.00039394,0.0010278,1.2e-06
2005,9,-0.00476272,0.11799447,-0.00476272,-0,-0.00594788,0.00118516,-0.00624062,0.0014779,-0.00401883,-0.00074389,-0.00553908,0.00077636,-0.00242336,-0.00233936
2005,10,-0.00188755,0.19684521,-0.00188755,-0,-0.00689366,0.00500611,-0.00541669,0.00352914,-0.00564082,0.00375327,-0.00345561,0.00156806,-0.00376991,0.00188236
2005,11,-0.01026146,0.65821821,-0.01026146,-0,-0.02502617,0.01476471,-0.02136884,0.01110738,-0.01955546,0.009294,-0.01532687,0.00506541,-0.01278389,0.00252243
2005,12,-0.02670689,0.46817372,-0.02670689,-0,-0.02750456,0.00079767,-0.03119964,0.00449275,-0.01731694,-0.00938995,-0.02943552,0.00272863,-0.00996712,-0.01673977
2006,1,-0.02225289,0.11555121,-0.02225289,-0,-0.01461912,-0.00763377,-0.02061199,-0.0016409,-0.00702381,-0.01522908,-0.02222087,-3.202e-05,-0.0031655,-0.01908739
2006,2,-0.00833432,0.03444805,-0.00833432,-0,-0.00520839,-0.00312593,-0.0075466,-0.00078772,-0.00239247,-0.00594185,-0.00824818,-8.614e-05,-0.00102029,-0.00731403
2006,3,0.00850003,-0.54361807,0.00850003,0,0.02068152,-0.01218149,0.01766912,-0.00916909,0.01615515,-0.00765512,0.01268238,-0.00418235,0.01055926,-0.00205923
2006,4,-0.08984051,0.31708557,-0.08984051,-0,-0.05450455,-0.03533596,-0.08028527,-0.00955524,-0.02432655,-0.06551396,-0.08845637,-0.00138414,-0.00998274,-0.07985777
2006,5,-0.00191047,-0.03966908,-0,-0.00191047,0.00024381,-0.00215428,-0.00079704,-0.00111343,0.00073454,-0.00264501,-0.00149127,-0.0004192,0.00065653,-0.002567
2006,6,-0.03983118,0.59052958,-0.03983118,-0,-0.03776506,-0.00206612,-0.04441926,0.00458808,-0.02292151,-0.01690967,-0.04299614,0.00316496,-0.01284878,-0.0269824
2006,7,0.02005941,-0.12308404,0.02005941,0,0.01375007,0.00630934,0.01895137,0.00110804,0.00684186,0.01321755,0.02018945,-0.00013004,0.0032077,0.01685171
2006,8,0.02809586,-0.0189868,0.02809586,0,0.01462182,0.01347404,0.02353523,0.00456063,0.00544512,0.02265074,0.02698969,0.00110617,0.00162104,0.02647482
2006,9,0,0,0,0,0,0,0,0,0,0,0,0,0,0
2006,10,-0.00018962,0.09462191,-0.00018962,-0,-0.00295487,0.00276525,-0.00201206,0.00182244,-0.00258548,0.00239586,-0.0009757,0.00078608,-0.00177984,0.00159022
2006,11,-0.00529334,-0.90067325,-0,-0.00529334,0.02457726,-0.0298706,0.01330017,-0.01859351,0.02336401,-0.02865735,0.00250887,-0.00780221,0.01662188,-0.02191522
2006,12,0.01962216,0.69718066,0,0.01962216,-0.01126204,0.0308842,0.00250376,0.0171184,-0.01535949,0.03498165,0.0128834,0.00673876,-0.0121671,0.03178926
2007,1,-0.04150362,0.64494701,-0.04150362,-0,-0.04024611,-0.00125751,-0.0468653,0.00536168,-0.02468293,-0.01682069,-0.04505023,0.00354661,-0.0139428,-0.02756082
2007,2,0.00771568,-0.25462769,0.00771568,0,0.01155427,-0.00383859,0.01135477,-0.00363909,0.00822264,-0.00050696,0.00950645,-0.00179077,0.00511412,0.00260156
2007,3,0.00987209,0.08544726,0,0.00987209,0.0023533,0.00751879,0.00646297,0.00340912,-0.00057141,0.0104435,0.00870981,0.00116228,-0.00115484,0.01102693
2007,4,-0.00346171,-0.32149992,-0,-0.00346171,0.00798687,-0.01144858,0.00345138,-0.00691309,0.00806386,-0.01152557,-0.00060585,-0.00285586,0.00586244,-0.00932415
2007,5,-0.00290809,-0.1173842,-0,-0.00290809,0.00209403,-0.00500212,-9.534e-05,-0.00281275,0.00265555,-0.00556364,-0.00179131,-0.00111678,0.0020664,-0.00497449
2007,6,-0.00703539,-0.11073382,-0,-0.00703539,-0.00017063,-0.00686476,-0.00362841,-0.00340698,0.00175151,-0.0087869,-0.00578854,-0.00124685,0.00175598,-0.00879137
2007,7,0.00075216,-0.12065965,0.00075216,0,0.00402316,-0.003271,0.00298649,-0.00223433,0.00338655,-0.00263439,0.00173157,-0.00097941,0.00229259,-0.00154043
2007,8,-0.00330418,-0.05102855,-0,-0.00330418,-0.00010969,-0.00319449,-0.00172326,-0.00158092,0.00079623,-0.00410041,-0.00272681,-0.00057737,0.0008064,-0.00411058
2007,9,-0.03781337,0.52631203,-0.03781337,-0,-0.0348151,-0.00299827,-0.04149629,0.00368292,-0.02083512,-0.01697825,-0.04052993,0.00271656,-0.01155576,-0.02625761
2007,10,-0.00196639,-0.08321707,-0,-0.00196639,0.00153214,-0.00349853,1.093e-05,-0.00197732,0.00189932,-0.00386571,-0.00117896,-0.00078743,0.00146922,-0.00343561
2007,11,-0.01982925,-0.34910278,-0,-0.01982925,0.00063743,-0.02046668,-0.00950103,-0.01032822,0.0059346,-0.02576385,-0.01600428,-0.00382497,0.00564186,-0.02547111
2007,12,0.01949256,-0.38173808,0.01949256,0,0.02128477,-0.00179221,0.0235568,-0.00406424,0.01371888,0.00577368,0.02182029,-0.00232773,0.00802409,0.01146847
2008,1,-0.00175552,-0.29561503,-0,-0.00175552,0.00805756,-0.00981308,0.00435035,-0.00610587,0.00766524,-0.00942076,0.0008061,-0.00256162,0.00545474,-0.00721026
2008,2,-0.04888653,-0.60503824,-0,-0.04888653,-0.00615526,-0.04273127,-0.02843707,-0.02044946,0.00773602,-0.05662255,-0.04160332,-0.00728321,0.00912397,-0.0580105
2008,3,0.0291067,-0.5644706,0.0291067,0,0.03161515,-0.00250845,0.03506669,-0.00595999,0.02033566,0.00877104,0.03253591,-0.00342921,0.01187787,0.01722883
2008,4,0.00095366,0.04997474,0,0.00095366,-0.00103372,0.00198738,-0.00019389,0.00114755,-0.0011805,0.00213416,0.00049102,0.00046264,-0.00089255,0.00184621
2008,5,-0.0109625,-0.42531973,-0,-0.0109625,0.00737455,-0.01833705,-0.00069631,-0.01026619,0.00954716,-0.02050966,-0.00689689,-0.00406561,0.00746804,-0.01843054
2008,6,0.14343617,-0.43398363,0.14343617,0,0.08483576,0.05860041,0.12676336,0.01667281,0.03688977,0.1065464,0.14061944,0.00281673,0.01458532,0.12885085
2008,7,-0.08438024,1.35320062,-0.08438024,-0,-0.08309224,-0.001288,-0.09610412,0.01172388,-0.05131446,-0.03306578,-0.09194326,0.00756302,-0.02913253,-0.05524771
2008,8,-0.0411749,-0.63727,-0,-0.0411749,-0.0013252,-0.0398497,-0.0214473,-0.0197276,0.00995938,-0.05113428,-0.03396839,-0.00720651,0.01007472,-0.05124962
2008,9,-0.00681325,-0.75548351,-0,-0.00681325,0.01942877,-0.02624202,0.00919964,-0.01601289,0.01918102,-0.02599427,-0.00016186,-0.00665139,0.01383551,-0.02064876
2008,10,-0.05648127,-0.81076049,-0,-0.05648127,-0.00373442,-0.05274685,-0.0306637,-0.02581757,0.01195139,-0.06843266,-0.04712831,-0.00935296,0.01263291,-0.06911418
2008,11,0.196883,-1.30428193,0.196883,0,0.13786499,0.05901801,0.18789453,0.00898847,0.06974794,0.12713506,0.19896736,-0.00208436,0.03328463,0.16359837
2008,12,0.04901022,-1.47784599,0.04901022,0,0.06917478,-0.02016456,0.06938883,-0.02037861,0.04846627,0.00054395,0.05921329,-0.01020307,0.02987256,0.01913766
2009,1,-0.0241724,-0.57152648,-0,-0.0241724,0.00518888,-0.02936128,-0.00871942,-0.01545298,0.01117136,-0.03534376,-0.0182839,-0.0058885,0.00960992,-0.03378232
2009,2,-0.05621161,-0.45809168,-0,-0.05621161,-0.01425943,-0.04195218,-0.03735797,-0.01885364,0.00248638,-0.05869799,-0.04983247,-0.00637914,0.00604321,-0.06225482
2009,3,0.00405386,0.22865964,0,0.00405386,-0.00488458,0.00893844,-0.00114241,0.00519627,-0.00545575,0.00950961,0.00195099,0.00210287,-0.00409783,0.00815169
2009,4,0.08112619,-0.05106089,0.08112619,0,0.04210647,0.03901972,0.06788368,0.01324251,0.01562117,0.06550502,0.07790055,0.00322564,0.00461029,0.0765159
2009,5,-0.02358817,-0.29222154,-0,-0.02358817,-0.00296134,-0.02062683,-0.01371553,-0.00987264,0.00374039,-0.02732856,-0.02007156,-0.00351661,0.00440774,-0.02799591
2009,6,0.03827651,0.01202429,0,0.03827651,0.01877481,0.0195017,0.0313202,0.00695631,0.00639617,0.03188034,0.03645131,0.0018252,0.00149913,0.03677738
2009,7,-0.06540118,-1.66959763,-0,-0.06540118,0.01776501,-0.08316619,-0.02117385,-0.04422733,0.03355024,-0.09895142,-0.04843398,-0.0169672,0.02830827,-0.09370945
2009,8,0.00170221,-0.09544789,0.00170221,0,0.00373613,-0.00203392,0.00327528,-0.00157307,0.00287334,-0.00117113,0.00242709,-0.00072488,0.00186343,-0.00016122
2009,9,-0.04256837,-0.21909921,-0,-0.04256837,-0.01466165,-0.02790672,-0.03079732,-0.01177105,-0.00156439,-0.04100398,-0.03881085,-0.00375752,0.00218392,-0.04475229
2009,10,-0.0231514,-0.17340042,-0,-0.0231514,-0.00633446,-0.01681694,-0.01568579,-0.00746561,0.00061218,-0.02376358,-0.02065231,-0.00249909,0.00220312,-0.02535452
2009,11,-0.01509742,0.80755114,-0.01509742,-0,-0.03195791,0.01686049,-0.02828445,0.01318703,-0.02443243,0.00933501,-0.02119907,0.00610165,-0.0157972,0.00069978
2009,12,-0.03891098,0.31481738,-0.03891098,-0,-0.02897122,-0.00993976,-0.03825333,-0.00065765,-0.0153233,-0.02358768,-0.03980199,0.00089101,-0.00764608,-0.0312649
2010,1,-0.01146139,-0.18183071,-0,-0.01146139,-0.00023464,-0.01122675,-0.00588294,-0.00557845,0.00289207,-0.01435346,-0.0094181,-0.00204329,0.00288752,-0.01434891
2010,2,-0.00493536,-0.95750631,-0,-0.00493536,0.0264741,-0.03140946,0.01470991,-0.01964527,0.02495979,-0.02989515,0.003328,-0.00826336,0.01770191,-0.02263727
2010,3,-0.01231379,0.30775521,-0.01231379,-0,-0.01545917,0.00314538,-0.0161875,0.00387371,-0.01046295,-0.00185084,-0.0143436,0.00202981,-0.00631578,-0.00599801
2010,4,0.0043003,-0.10028073,0.0043003,0,0.00518126,-0.00088096,0.00551198,-0.00121168,0.00345986,0.00084044,0.00494873,-0.00064843,0.00207094,0.00222936
2010,5,0.00801934,-0.69277171,0.00801934,0,0.02494953,-0.01693019,0.02019805,-0.01217871,0.02009379,-0.01207445,0.01347592,-0.00545658,0.01332972,-0.00531038
2010,6,-0.00329712,0.68781436,-0.00329712,-0,-0.02243858,0.01914146,-0.01620772,0.0129106,-0.01913097,0.01583385,-0.00892479,0.00562767,-0.0130242,0.00972708
2010,7,0.04608401,0.57679091,0,0.04608401,0.00560781,0.0404762,0.0266806,0.01940341,-0.00746618,0.05355019,0.03916426,0.00691975,-0.00872143,0.05480544
2010,8,-0.0098585,-0.60187301,-0,-0.0098585,0.01326309,-0.02312159,0.00367644,-0.01353494,0.01450308,-0.02436158,-0.00435994,-0.00549856,0.01082279,-0.02068129
2010,9,-0.01302859,-0.11866376,-0,-0.01302859,-0.00292754,-0.01010105,-0.00841382,-0.00461477,0.00091313,-0.01394172,-0.01144517,-0.00158342,0.00163446,-0.01466305
2010,10,-0.00122733,0.0691708,-0.00122733,-0,-0.00270444,0.00147711,-0.00236842,0.00114109,-0.0020812,0.00085387,-0.00175293,0.0005256,-0.00135014,0.00012281
2010,11,-0.00802085,-0.12471508,-0,-0.00802085,-0.00024076,-0.00778009,-0.00416664,-0.00385421,0.0019556,-0.00997645,-0.0066122,-0.00140865,0.00197332,-0.00999417
2010,12,-0.02720094,-0.28737538,-0,-0.02720094,-0.0049142,-0.02228674,-0.01678903,-0.01041191,0.00297536,-0.0301763,-0.02356229,-0.00363865,0.00415428,-0.03135522
2011,1,0.03516476,-0.01616467,0.03516476,0,0.01807098,0.01709378,0.02930765,0.00585711,0.00661014,0.02855462,0.03371646,0.0014483,0.00188664,0.03327812
2011,2,-0.03779849,0.15811866,-0.03779849,-0,-0.02367857,-0.01411992,-0.03426297,-0.00353552,-0.01090142,-0.02689707,-0.03742367,-0.00037482,-0.00466262,-0.03313587
2011,3,0.12741799,-0.15745933,0.12741799,0,0.06846839,0.0589496,0.10813438,0.01928361,0.02661879,0.1007992,0.1230006,0.00441739,0.00868731,0.11873068
2011,4,0.01634949,0.34226461,0,0.01634949,-0.00217061,0.0185201,0.00676635,0.00958314,-0.00636113,0.02271062,0.0127387,0.00361079,-0.0056706,0.02202009
2011,5,-0.10202556,0.22645333,-0.10202556,-0,-0.0578576,-0.04416796,-0.08855341,-0.01347215,-0.02402139,-0.07800417,-0.09933141,-0.00269415,-0.00883502,-0.09319054
2011,6,-0.01723008,0.20654227,-0.01723008,-0,-0.01485803,-0.00237205,-0.0182556,0.00102552,-0.00859617,-0.00863391,-0.01818845,0.00095837,-0.00464256,-0.01258752
2011,7,0.01373823,0.64546647,0,0.01373823,-0.01264089,0.02637912,-0.00133286,0.01507109,-0.01499772,0.02873595,0.00769881,0.00603942,-0.01146408,0.02520231
2011,8,-0.15934806,-1.19662958,-0,-0.15934806,-0.04350446,-0.1158436,-0.10790169,-0.05144637,0.00429816,-0.16364622,-0.14212083,-0.01722723,0.01522249,-0.17457055
2011,9,0.00152807,-0.34556551,0.00152807,0,0.01120917,-0.0096811,0.00803705,-0.00650898,0.00958906,-0.00806099,0.00436126,-0.00283319,0.00653772,-0.00500965
2011,10,0.15148492,-0.8744957,0.15148492,0,0.10217514,0.04930978,0.14203831,0.00944661,0.05018466,0.10130026,0.152005,-0.00052008,0.02319414,0.12829078
2011,11,-0.12833746,0.16790254,-0.12833746,-0,-0.06924379,-0.05909367,-0.10909723,-0.01924023,-0.02706191,-0.10127555,-0.12396635,-0.00437111,-0.00892422,-0.11941324
2011,12,-0.0058921,-1.14186083,-0,-0.0058921,0.03156807,-0.03746017,0.01753674,-0.02342884,0.02976431,-0.03565641,0.00396255,-0.00985465,0.02110987,-0.02700197
2012,1,-0.00200203,-0.8559145,-0,-0.00200203,0.02487003,-0.02687206,0.01513578,-0.01713781,0.02273463,-0.02473666,0.00527604,-0.00727807,0.01593228,-0.01793431
2012,2,0.00100112,0.46465873,0,0.00100112,-0.01354431,0.01454543,-0.0082876,0.00928872,-0.01235723,0.01335835,-0.00294613,0.00394725,-0.00865317,0.00965429
2012,3,-0.00144984,-0.23682095,-0,-0.00144984,0.00643328,-0.00788312,0.00344928,-0.00489912,0.00613309,-0.00758293,0.00060427,-0.00205411,0.00436791,-0.00581775
2012,4,0.00082266,-0.20176645,0.00082266,0,0.00650996,-0.0056873,0.00463529,-0.00381263,0.00558658,-0.00476392,0.00248002,-0.00165736,0.00381406,-0.0029914
2012,5,0.01470268,-1.05730906,0.01470268,0,0.03930978,-0.0246071,0.0328573,-0.01815462,0.03109972,-0.01639704,0.02291955,-0.00821687,0.02045481,-0.00575213
2012,6,0.02637532,-0.62052728,0.02637532,0,0.03194384,-0.00556852,0.03391427,-0.00753895,0.02136808,0.00500724,0.03039833,-0.00402301,0.01280419,0.01357113
2012,7,-0.11023113,-1.55924456,-0,-0.11023113,-0.00798552,-0.10224561,-0.06029693,-0.0499342,0.02270261,-0.13293374,-0.09217124,-0.01805989,0.02422307,-0.1344542
2012,8,0.02916996,-2.76954372,0.02916996,0,0.09829777,-0.06912781,0.07836501,-0.04919505,0.07982308,-0.05065312,0.0511143,-0.02194434,0.05315902,-0.02398906
2012,9,0.0036362,1.15497069,0,0.0036362,-0.03309228,0.03672848,-0.01965366,0.02328986,-0.030514,0.0341502,-0.00622692,0.00986312,-0.0214569,0.0250931
2012,10,0.0044187,-0.09719345,0.0044187,0,0.00514714,-0.00072844,0.00554905,-0.00113035,0.00339737,0.00102133,0.00503587,-0.00061717,0.00201848,0.00240022
2012,11,0.0122973,-0.03763116,0.0122973,0,0.0072861,0.0050112,0.0108762,0.0014211,0.00317413,0.00912317,0.01205937,0.00023793,0.00125839,0.01103891
2012,12,-0.00846141,-0.01769183,-0,-0.00846141,-0.00369595,-0.00476546,-0.0066288,-0.00183261,-0.00100844,-0.00745297,-0.00793168,-0.00052973,-4.997e-05,-0.00841144
2013,1,0.01459521,0.33228741,0,0.01459521,-0.00274618,0.01734139,0.00551576,0.00907945,-0.00640003,0.02099524,0.01114723,0.00344798,-0.00556286,0.02015807
2013,2,-0.01585986,-0.04977289,-0,-0.01585986,-0.00642548,-0.00943438,-0.01209907,-0.00376079,-0.00144213,-0.01441773,-0.01472744,-0.00113242,0.0002173,-0.01607716
2013,3,0.01279714,-0.06061496,0.01279714,0,0.00823073,0.00456641,0.01173904,0.0010581,0.00388183,0.00891531,0.01272971,6.743e-05,0.00171116,0.01108598
2013,4,-0.00228617,-0.82610697,-0,-0.00228617,0.02382699,-0.02611316,0.01431694,-0.01660311,0.02188076,-0.02416693,0.00475438,-0.00704055,0.01536149,-0.01764766
2013,5,-0.01053415,0.00368933,-0.01053415,-0,-0.00537859,-0.00515556,-0.00875695,-0.0017772,-0.00194907,-0.00858508,-0.01009061,-0.00044354,-0.00054359,-0.00999056
2013,6,0.01675042,-0.74049034,0.01675042,0,0.03075742,-0.014007,0.02833201,-0.01158159,0.02291386,-0.00616344,0.02221444,-0.00546402,0.0146163,0.00213412
2013,7,-0.01813524,1.60533889,-0.01813524,-0,-0.05759092,0.03945568,-0.04643521,0.02829997,-0.04648413,0.02834889,-0.03079978,0.01266454,-0.03086838,0.01273314
2013,8,0.00837382,0.22211859,0,0.00837382,-0.00252689,0.01090071,0.00254735,0.00582647,-0.00452084,0.01289466,0.00613128,0.00224254,-0.00378078,0.0121546
2013,9,-0.00487435,0.11963388,-0.00487435,-0,-0.00605325,0.0011789,-0.0063648,0.00149045,-0.00408265,-0.0007917,-0.00565945,0.0007851,-0.00245908,-0.00241527
2013,10,0.00064975,-0.20135407,0.00064975,0,0.00641104,-0.00576129,0.00448465,-0.0038349,0.0055451,-0.00489535,0.00231143,-0.00166168,0.00379856,-0.00314881
2013,11,-0.01170647,0.9225278,-0.01170647,-0,-0.03373775,0.02203128,-0.02774381,0.01603734,-0.02693826,0.01523179,-0.01892643,0.00721996,-0.01779677,0.0060903
2013,12,0.01328731,-0.34621652,0.01328731,0,0.01710847,-0.00382116,0.0177444,-0.00445709,0.01167127,0.00161604,0.01559626,-0.00230895,0.00707961,0.0062077
2014,1,-0.00745502,-0.35126327,-0,-0.00745502,0.00688984,-0.01434486,0.00074293,-0.00819795,0.00816551,-0.01562053,-0.00416933,-0.00328569,0.00623972,-0.01369474
2014,2,0.03899579,0.02410252,0,0.03899579,0.01876937,0.02022642,0.03167631,0.00731948,0.00619668,0.03279911,0.03703676,0.00195903,0.00130543,0.03769036
2014,3,0.04106641,-0.32006225,0.04106641,0,0.03020747,0.01085894,0.04013318,0.00093323,0.01584321,0.0252232,0.04190437,-0.00083796,0.00784136,0.03322505
2014,4,0.02212865,0.7940191,0,0.02212865,-0.01293586,0.03506451,0.00267096,0.01945769,-0.01753138,0.03966003,0.01446374,0.00766491,-0.01386698,0.03599563
2014,5,0.00422368,0.24032696,0,0.00422368,-0.00515233,0.00937601,-0.00123123,0.00545491,-0.00574063,0.00996431,0.00201518,0.0022085,-0.00430859,0.00853227
2014,6,-0.02315795,0.75852165,-0.02315795,-0,-0.0345062,0.01134825,-0.03396816,0.01081021,-0.02452523,0.00136728,-0.02848476,0.00532681,-0.01524248,-0.00791547
2014,7,-0.00478437,0.48136635,-0.00478437,-0,-0.01694206,0.01215769,-0.01338496,0.00860059,-0.01382368,0.00903931,-0.00861132,0.00382695,-0.00922655,0.00444218
2014,8,0.00253349,0.01837922,0,0.00253349,0.00071121,0.00182228,0.00172821,0.00080528,-5.091e-05,0.0025844,0.00226502,0.00026847,-0.00022993,0.00276342
2014,9,-0.06255296,0.99429229,-0.06255296,-0,-0.06133016,-0.0012228,-0.07107026,0.0085173,-0.03780143,-0.02475153,-0.06808514,0.00553218,-0.02143063,-0.04112233
2014,10,0.00500119,-1.61119242,0.00500119,0,0.05120082,-0.04619963,0.035722,-0.03072081,0.04433597,-0.03933478,0.01830653,-0.01330534,0.03038632,-0.02538513
2014,11,0.00251874,1.19355648,0,0.00251874,-0.03481731,0.03733605,-0.02133167,0.02385041,-0.03175096,0.0342697,-0.00761809,0.01013683,-0.02222955,0.02474829
2014,12,0.00743632,-1.63189595,0.00743632,0,0.05304418,-0.04560786,0.03813562,-0.0306993,0.04532195,-0.03788563,0.02080584,-0.01336952,0.03088358,-0.02344726
2015,1,-0.00735276,0.48445007,-0.00735276,-0,-0.01831947,0.01096671,-0.01556288,0.00821012,-0.0143578,0.00700504,-0.01108991,0.00373715,-0.00939997,0.00204721
2015,2,0,0,0,0,0,0,0,0,0,0,0,0,0,0
2015,3,-0.00335964,-0.06589038,-0,-0.00335964,0.0003118,-0.00367144,-0.00147751,-0.00188213,0.00118735,-0.00454699,-0.00265496,-0.00070468,0.00108211,-0.00444175
2015,4,0.00647213,0.14934876,0,0.00647213,-0.00127818,0.00775031,0.00240672,0.00406541,-0.00289195,0.00936408,0.00492637,0.00154576,-0.00250422,0.00897635
2015,5,0,0,0,0,0,0,0,0,0,0,0,0,0,0
2015,6,-0.00262391,-0.31966197,-0,-0.00262391,0.00835021,-0.01097412,0.00410604,-0.00672995,0.00816138,-0.01078529,0.00017878,-0.00280269,0.00586578,-0.00848969
2015,7,0.00061472,0.05540467,0,0.00061472,-0.00136731,0.00198203,-0.00057981,0.00119453,-0.00138647,0.00200119,0.00012175,0.00049297,-0.00100947,0.00162419
2015,8,0,0,0,0,0,0,0,0,0,0,0,0,0,0
2015,9,-0.00179498,0.9635312,-0.00179498,-0,-0.03002138,0.0282264,-0.02037672,0.01858174,-0.02630399,0.02450901,-0.00980576,0.00801078,-0.01811787,0.01632289
2015,10,-0.02041936,2.00693574,-0.02041936,-0,-0.07087173,0.05045237,-0.05619446,0.0357751,-0.05771723,0.03729787,-0.03635358,0.01593422,-0.03848905,0.01806969
2015,11,0,0,0,0,0,0,0,0,0,0,0,0,0,0
2015,12,0.09469723,-3.64585352,0.09469723,0,0.15754892,-0.06285169,0.14957347,-0.05487624,0.11496444,-0.02026721,0.12104897,-0.02635174,0.07251504,0.02218219
2016,1,-0.02108314,0.40071391,-0.02108314,-0,-0.02265363,0.00157049,-0.02524027,0.00415713,-0.01450998,-0.00657316,-0.02349858,0.00241544,-0.00845096,-0.01263218
2016,2,0,0,0,0,0,0,0,0,0,0,0,0,0,0
2016,3,0.04858048,0.68863376,0,0.04858048,0.00347546,0.04510502,0.02654527,0.02203521,-0.01004453,0.05862501,0.04060903,0.00797145,-0.01070264,0.05928312
2016,4,0.00156239,-0.2486707,0.00156239,0,0.00829757,-0.00673518,0.00616503,-0.00460264,0.00698159,-0.0054192,0.00358032,-0.00201793,0.00472542,-0.00316303
2016,5,0,0,0,0,0,0,0,0,0,0,0,0,0,0
2016,6,-0.00053339,-0.45169528,-0,-0.00053339,0.01338634,-0.01391973,0.00841897,-0.00895236,0.0120897,-0.01262309,0.00328393,-0.00381732,0.00843157,-0.00896496
2016,7,0.02497346,0.2685607,0,0.02497346,0.00436916,0.0206043,0.01532164,0.00965182,-0.00285898,0.02783244,0.02159315,0.00338031,-0.00390241,0.02887587
2016,8,0,0,0,0,0,0,0,0,0,0,0,0,0,0
2016,9,0.01302278,-0.70677867,0.01302278,0,0.02787463,-0.01485185,0.02459771,-0.01157493,0.02135009,-0.00832731,0.01837161,-0.00534883,0.01381731,-0.00079453
2016,10,-0.00055054,0.09883986,-0.00055054,-0,-0.00326282,0.00271228,-0.00239234,0.0018418,-0.00276262,0.00221208,-0.00135579,0.00080525,-0.00187505,0.00132451
2016,11,0,0,0,0,0,0,0,0,0,0,0,0,0,0
2016,12,0.00126248,0.76108915,0,0.00126248,-0.02237359,0.02363607,-0.01388576,0.01514824,-0.02030681,0.02156929,-0.00518594,0.00644842,-0.01419049,0.01545297
2017,1,-0.00011167,0.35398374,-0.00011167,-0,-0.01075542,0.01064375,-0.00703444,0.00692277,-0.00956743,0.00945576,-0.00307936,0.00296769,-0.0066315,0.00651983
2017,2,0,0,0,0,0,0,0,0,0,0,0,0,0,0
2017,3,0.00096352,0.39268821,0,0.00096352,-0.01138771,0.01235123,-0.0069071,0.00787062,-0.01042261,0.01138613,-0.00237764,0.00334116,-0.0073076,0.00827112
2017,4,-0.00268325,0.02523525,-0.00268325,-0,-0.00210439,-0.00057886,-0.00270705,2.38e-05,-0.00115178,-0.00153147,-0.0027743,9.105e-05,-0.00059327,-0.00208998
2017,5,0,0,0,0,0,0,0,0,0,0,0,0,0,0
2017,6,-0.00146786,-0.169991,-0,-0.00146786,0.00440425,-0.00587211,0.00212375,-0.00359161,0.00432736,-0.00579522,2.583e-05,-0.00149369,0.00311606,-0.00458392
2017,7,-0.01090708,0.0560513,-0.01090708,-0,-0.00714776,-0.00375932,-0.01009133,-0.00081575,-0.00342688,-0.0074802,-0.01088647,-2.061e-05,-0.00154059,-0.00936649
2017,8,0,0,0,0,0,0,0,0,0,0,0,0,0,0
2017,9,0.00099561,0.05664905,0,0.00099561,-0.00121448,0.00221009,-0.0002902,0.00128581,-0.00135316,0.00234877,0.00047503,0.00052058,-0.0010156,0.00201121
2017,10,0.00138533,0.40000084,0,0.00138533,-0.01139784,0.01278317,-0.00670277,0.0080881,-0.01054579,0.01193112,-0.00203624,0.00342157,-0.00742549,0.00881082
2017,11,0,0,0,0,0,0,0,0,0,0,0,0,0,0
2017,12,-0.0017787,0.19861475,-0.0017787,-0,-0.00689272,0.00511402,-0.00536166,0.00358296,-0.00566943,0.00389073,-0.00336652,0.00158782,-0.00379813,0.00201943
2018,1,-4.37e-05,-0.60682878,-0,-4.37e-05,0.01832028,-0.01836398,0.01186517,-0.01190887,0.01636001,-0.01640371,0.00505435,-0.00509805,0.01135768,-0.01140138
2018,2,0,0,0,0,0,0,0,0,0,0,0,0,0,0
2018,3,0.0023023,0.66280236,0,0.0023023,-0.01888285,0.02118515,-0.01110089,0.01340319,-0.0174732,0.0197755,-0.00336756,0.00566986,-0.01230375,0.01460605
2018,4,-0.00079894,-0.12311498,-0,-0.00079894,0.00332183,-0.00412077,0.00175588,-0.00255482,0.00318044,-0.00397938,0.00027096,-0.0010699,0.00226869,-0.00306763
2018,5,0,0,0,0,0,0,0,0,0,0,0,0,0,0
2018,6,-0.00596121,1.24082943,-0.00596121,-0,-0.04048617,0.03452496,-0.02924986,0.02328865,-0.03451491,0.0285537,-0.01611304,0.01015183,-0.02349648,0.01753527
2018,7,0,0.23589142,0,0,-0.0071301,0.0071301,-0.00462633,0.00462633,-0.00636258,0.00636258,-0.00198099,0.00198099,-0.00441582,0.00441582
2018,8,0,0,0,0,0,0,0,0,0,0,0,0,0,0
2018,9,-0.00091647,-0.18695419,-0,-0.00091647,0.00519268,-0.00610915,0.00291101,-0.00382748,0.00488171,-0.00579818,0.00069484,-0.00161131,0.00345844,-0.00437491
2018,10,0.00168416,-0.59883743,0.00168416,0,0.01894266,-0.0172585,0.01313293,-0.01144877,0.01644784,-0.01476368,0.00663727,-0.00495311,0.01128592,-0.00960176
2018,11,0,0,0,0,0,0,0,0,0,0,0,0,0,0
2018,12,-0.00060007,0.12055604,-0.00060007,-0,-0.00394399,0.00334392,-0.00285907,0.002259,-0.00335706,0.00275699,-0.00158546,0.00098539,-0.0022838,0.00168373
2019,1,-0.00375949,-0.61087131,-0,-0.00375949,0.01658457,-0.02034406,0.00888108,-0.01264057,0.01581664,-0.01957613,0.0015399,-0.00529939,0.01126597,-0.01502546
2019,2,0,0,0,0,0,0,0,0,0,0,0,0,0,0
2019,3,-0.00560113,-0.36168037,-0,-0.00560113,0.00813166,-0.01373279,0.00247562,-0.00807675,0.00877199,-0.01437312,-0.00231146,-0.00328967,0.00651824,-0.01211937
2019,4,-0.00286165,0.0399349,-0.00286165,-0,-0.00263791,-0.00022374,-0.00314242,0.00028077,-0.00157958,-0.00128207,-0.00306811,0.00020646,-0.00087648,-0.00198517
2019,5,0,0,0,0,0,0,0,0,0,0,0,0,0,0
2019,6,0.02282548,-0.59025703,0.02282548,0,0.02925397,-0.00642849,0.03039404,-0.00756856,0.01992834,0.00289714,0.02675419,-0.00392871,0.01207764,0.01074784
2019,7,0.03579489,-0.73933,0.03579489,0,0.04024458,-0.00444969,0.04400995,-0.00821506,0.02622635,0.00956854,0.04039128,-0.00459639,0.01545246,0.02034243
2019,8,0,0,0,0,0,0,0,0,0,0,0,0,0,0
2019,9,0.06514306,0.042317,0,0.06514306,0.03129245,0.03385061,0.05287548,0.01226758,0.01029626,0.0548468,0.06185323,0.00328983,0.0021423,0.06300076
2019,10,0.00097007,-0.22371,0.00097007,0,0.00724694,-0.00627687,0.00518718,-0.00421711,0.00620434,-0.00523427,0.00280507,-0.001835,0.00423148,-0.00326141
2019,11,0,0,0,0,0,0,0,0,0,0,0,0,0,0
2019,12,0.00066665,0.3329,0,0.00066665,-0.00972898,0.01039563,-0.00597928,0.00664593,-0.00886209,0.00952874,-0.00215904,0.00282569,-0.00620176,0.00686841
2020,1,0.00541421,-0.47058,0.00541421,0,0.01693095,-0.01151674,0.01369267,-0.00827846,0.01364333,-0.00822912,0.0091222,-0.00370799,0.00905301,-0.0036388
2020,2,0,0,0,0,0,0,0,0,0,0,0,0,0,0
2020,3,0.12104052,-3.98467,0.12104052,0,0.1809617,-0.05992118,0.17793639,-0.05689587,0.12872845,-0.00768793,0.14905093,-0.02801041,0.08004425,0.04099627
2020,4,0.01564257,-1.13854,0.01564257,0,0.04223503,-0.02659246,0.03522528,-0.01958271,0.03345574,-0.01781317,0.02449927,-0.0088567,0.02201776,-0.00637519
2020,5,0,0,0,0,0,0,0,0,0,0,0,0,0,0
2020,6,0.00286351,0.02,0,0.00286351,0.00082723,0.00203628,0.0019685,0.00089501,-3.668e-05,0.00290019,0.00256656,0.00029695,-0.0002454,0.00310891
