ISIN,NAME,count,avgSharesEU,avgSharesEUplus,avgSharesUS,avgSharesUSplus
AN8068571086,SCHLUMBERGER,92,0.0995290652517957,0.235759518722697,0,0.296153455401994
BMG491BT1088,INVESCO,50,0.166042958181636,0.246616641794834,0.302783427478691,0.465477871878026
BMG6359F1370,NABORS INDUSTRIES,57,0,0,0.589969430261738,0.589969430261738
BMG982941046,XL GROUP DEAD - DELIST.12/09/18,68,0.114080909684655,0.428415084230512,0.396586568753114,0.396586568753114
CH0044328745,CHUBB,68,0.153333222615104,0.153333222615104,0,0.636665981263704
CH0048265513,TRANSOCEAN,51,0.0796216183733729,0.132702697288955,0.299903852784618,0.299903852784618
CH0102993182,TE CONNECTIVITY,44,0,0.343661294553775,0.319869453404903,0.319869453404903
GB00B6SLMV12,ROWAN COMPANIES CL.A DEAD - DELIST.11/04/19,66,0.0554887380940449,0.0739849841253932,0.653721770194089,0.653721770194089
GB00BDCPN049,COCA COLA EUROPACIFIC PARTNERS,70,0.612344340796987,0.612344340796987,0,0.494727052741771
GB00BFG3KF26,NOBLE CORPORATION DEAD - DELIST.09/02/21,50,0.128075825217023,0.128075825217023,0.417294225199129,0.417294225199129
IE00B40K9117,COOPER INDUSTRIES DEAD - ACQD.BY 903749,50,0.102233164240502,0.102233164240502,0.722924386072573,0.722924386072573
IE00B8KQN827,EATON,92,0.200753740121524,0.200753740121524,0.612288462251999,0.612288462251999
IE00BK9ZQ967,TRANE TECHNOLOGIES,87,0.2,1,0.498909387579236,0.498909387579236
IE00BLP1HW54,AON CLASS A,92,0.192393826471695,0.313303508913606,0.492406245879796,0.492406245879796
IE00BTN1Y115,MEDTRONIC,92,0.0842217201994929,0.184964897439863,0.485872137757955,0.607340172197443
IE00BY7QL619,JOHNSON CONTROLS INTL.,86,0.134628610964316,0.233050593501787,0.406624936032953,0.534217662400734
IE00BY9D5467,ALLERGAN DEAD - DELIST.11/05/20,84,0,0,1,1
PA1436583006,CARNIVAL,89,0.267359008549104,0.33419876068638,0.284508250175496,0.599993957115823
US0010551028,AFLAC,87,0,0,0.263164191315684,0.263164191315684
US00130H1059,AES,89,0.0630408702861179,0.0630408702861179,0.270023158970276,0.270023158970276
US00206R1023,AT&T,92,0.00627270610153703,0.00784088262692129,0.972584400794948,0.972584400794948
US0028241000,ABBOTT LABORATORIES,92,0.225656809800751,0.225656809800751,0.409583543545436,0.546111391393915
US00724F1012,ADOBE (NAS),92,0,0.290651485324727,0.396913485149426,0.50100041653958
US0079031078,ADVANCED MICRO DEVICES,78,0.179000198555639,0.179000198555639,0.241297385674884,0.241297385674884
US00817Y1082,AETNA DEAD - DELIST.29/11/18,72,0,0,1,1
US00846U1016,AGILENT TECHS.,83,0.0540550664918524,0.270275332459262,0.356256370083318,0.356256370083318
US0091581068,AIR PRDS.& CHEMS.,92,0.167377826025025,0.267722115778711,0.500844183101483,0.500844183101483
US00971T1016,AKAMAI TECHS.,54,0,0,0.759186411293971,0.759186411293971
US0173611064,ALLEGHENY EN. DEAD - DELIST.28/02/11,41,0,0,1,1
US01741R1023,ALLEGHENY TECHS.,70,0.106534623571438,0.133168279464298,0.710798290468567,0.710798290468567
US0184901025,ALLERGAN DEAD - DELIST.17/03/15,68,0.197095511609445,0.197095511609445,0.599256683352704,0.599256683352704
US0200021014,ALLSTATE ORD SHS,92,0,0,1,1
US02079K3059,ALPHABET A,59,0.0877062671495985,0.163544362335516,0.505340060368299,0.505340060368299
US0213461017,ALTABA DEAD - DELIST.12/10/19,70,0,0.0535790629767463,0.809109980481715,0.809109980481715
US0214411003,ALTERA DEAD - DELIST.28/12/15,62,0.156742836457192,0.235114254685788,0.0558498164337424,0.32796784827373
US02209S1033,ALTRIA GROUP,92,0.139884417381872,0.139884417381872,0.807915267433335,0.807915267433335
US0231351067,AMAZON.COM,61,0,0,0,0.634247491777278
US0236081024,AMEREN,92,0,0,1,1
US0255371017,AMER.ELEC.PWR.,92,0.0397254271943917,0.0397254271943917,0.950562290054038,0.950562290054038
US0258161092,AMERICAN EXPRESS,92,0.110970240502258,0.110970240502258,0.741867147168728,0.741867147168728
US0268747849,AMERICAN INTL.GP.,92,0,0,0.599415256092523,0.599415256092523
US03027X1000,AMERICAN TOWER,53,0.00234579534051652,0.0117289767025826,0.780590843861728,0.780590843861728
US03073E1055,AMERISOURCEBERGEN,78,0,0,1,1
US03076C1062,AMERIPRISE FINL.,61,0,0,0.960007465657973,0.960007465657973
US0311621009,AMGEN,92,0,0,0.804493330396857,0.804493330396857
US0320951017,AMPHENOL 'A',50,0,0,0.380081476118078,0.380081476118078
US0325111070,ANADARKO PETROLEUM DEAD - DELIST.09/08/19,86,0,0,0.782724442874076,0.782724442874076
US0326541051,ANALOG DEVICES,85,0.235068736142824,0.235068736142824,0.231448389316212,0.365068144843464
US03349M1053,ANDEAVOR DEAD - DELIST.14/11/18,45,0,0,1,1
US0352291035,ANHEUSER-BUSCH COS. DEAD - DELIST.08/12/08,43,0,0,0.940000133016753,0.940000133016753
US0367521038,ANTHEM,73,0,0,1,1
US03743Q1085,APA,92,0,0,0.449752604434246,0.449752604434246
US03748R7474,APARTMENT INV.& MAN.'A',71,0,0,1,1
US0376041051,APOLLO EDUCATION GP.'A' DEAD - DELIST.02/02/17,45,0.0453929637816713,0.0453929637816713,0.928322711472921,0.928322711472921
US0378331005,APPLE,92,0.089639169618326,0.224097924045815,0.237295527542048,0.439583490101349
US0381491002,APPLIED BIOSYSTEMS DEAD - DELIST.08/12/08,43,0.304707185908056,0.304707185908056,0.470078501008157,0.470078501008157
US0382221051,APPLIED MATS.,92,0.072315278539817,0.0903940981747712,0.0525742985196431,0.130927502446493
US0394831020,ARCHER DANIELS MIDLAND,92,0.0953532750077905,0.0953532750077905,0.611046515190801,0.611046515190801
US0441861046,ASHLAND GLOBAL HDG.,43,0.0819002579535684,0.327601031814273,0.577113844904677,0.678790543099002
US04621X1081,ASSURANT,55,0,0,0.891553821212823,0.891553821212823
US0527691069,AUTODESK,92,0.0732930672268907,0.369080944898046,0.236652322655657,0.352186873547466
US0530151036,AUTOMATIC DATA PROC.,92,0.105014766356303,0.105014766356303,0.836519124251508,0.836519124251508
US05329W1027,AUTONATION,58,0,0,1,1
US0533321024,AUTOZONE,92,0,0,1,1
US0534841012,AVALONBAY COMMNS.,56,0,0,1,1
US0536111091,AVERY DENNISON,92,0.182876180949472,0.304793634915786,0.375434526820408,0.375434526820408
US0543031027,AVON PRODUCTS DEAD - DELIST.06/01/20,68,0.14356744543058,0.301927180216441,0.119331011754582,0.211955836167781
US0559211000,BMC SOFTWARE DEAD - DELIST.11/09/13,59,0,0.278036295951605,0.349348544026454,0.563498536270909
US05722G1004,BAKER HUGHES A,92,0.0222846013366084,0.140126791943317,0.351800710656286,0.347640610083792
US0584981064,BALL,92,0,0,0.679479747959862,0.679479747959862
US0605051046,BANK OF AMERICA,92,0.0224442025040827,0.0596082424189593,0.899303710993612,0.899303710993612
US0640581007,BANK OF NEW YORK MELLON,92,0.235307612089277,0.235307612089277,0.671553845536013,0.671553845536013
US0673831097,C R BARD DEAD - DELIST.29/12/17,80,0.165441889264921,0.165441889264921,0.699752786941235,0.699752786941235
US0708301041,BATH AND BODY WORKS,92,0,0,0.929710192574716,0.929710192574716
US0718131099,BAXTER INTL.,92,0.229682299610611,0.306243066147481,0.429861091279573,0.429861091279573
US0737301038,BEAM DEAD - DELIST.30/04/14,65,0.0594659751563902,0.0594659751563902,0.820234390834133,0.820234390834133
US0758871091,BECTON DICKINSON,92,0.140124432275638,0.280248864551276,0.499990700384877,0.499990700384877
US0758961009,Bed Bath & Beyond Inc.,71,0,0,0,0
US0814371052,BEMIS DEAD - DELIST.11/06/19,67,0.117957104700166,0.117957104700166,0.756353682653641,0.756353682653641
US0846707026,BERKSHIRE HATHAWAY 'B',44,0,0,1,1
US0865161014,BEST BUY,87,0.0281271380850807,0.0375028507801076,0.917719063365632,0.917719063365632
US0893021032,BIG LOTS,60,0,0,1,1
US09062X1037,BIOGEN,69,0.238512170833912,0.238512170833912,0.67849180966685,0.67849180966685
US0917971006,BLACK & DECKER DEAD - DELIST.25/03/10,48,0.228297848265992,0.228297848265992,0.651325185205664,0.651325185205664
US0936711052,H&R BLOCK,90,0,0,0.952175420403289,0.952175420403289
US0970231058,BOEING,92,0.125543631949833,0.125543631949833,0.59802083958846,0.59802083958846
US09857L1089,BOOKING HOLDINGS,45,0.238962513154907,0.298703141443634,0.558028573561077,0.558028573561077
US1011211018,BOSTON PROPERTIES,59,0,0,1,1
US1011371077,BOSTON SCIENTIFIC,92,0.11422728979423,0.195669212616035,0.573791885256623,0.573791885256623
US1101221083,BRISTOL MYERS SQUIBB,92,0.123902408164611,0.214866441026752,0.595307500023338,0.595307500023338
US1113201073,BROADCOM 'A' DEAD - ACQD.SEE 54332K,62,0.0500000461937537,0.0500000461937537,0.385000061898609,0.385000061898609
US1156372096,BROWN-FORMAN 'B',92,0.116506449066181,0.291266122665453,0.58228234683438,0.58228234683438
US1170431092,BRUNSWICK,41,0.0259551466359977,0.129775733179989,0.687038816261216,0.687038816261216
US12189T1043,BURL.NTHN.SANTA FE C DEAD - DELIST.26/02/10,48,0,0,1,1
US12504L1098,CBRE GROUP CLASS A,57,0.0981300643417859,0.149156711049504,0.430081922926237,0.602865770195618
US1252691001,CF INDUSTRIES HDG.,50,0.0201260911736178,0.0805043646944714,0.80521536877064,0.808488889624181
US12541W2098,CH ROBINSON WWD.,56,0,0,0.906361109642882,0.906361109642882
US1255231003,CIGNA,92,0,0,0.957641277573581,0.957641277573581
US12572Q1058,CME GROUP,58,0,0,1,1
US1258961002,CMS ENERGY,87,0,0,0.970019871534924,0.970019871534924
US1264081035,CSX,92,0.000586009034305946,0.000586009034305946,0.99277255524356,0.99277255524356
US1266501006,CVS HEALTH,92,0,0,1,1
US12673P1057,CA DEAD - DELIST.06/11/18,83,0.180721284846445,0.239848455189007,0.637608164582982,0.637608164582982
US1270971039,CABOT OIL & GAS 'A',51,0,0,1,1
US1344291091,CAMPBELL SOUP,92,0.0641339570249017,0.106889928374836,0.762860199146051,0.762860199146051
US14040H1059,CAPITAL ONE FINL.,90,0,0,0.949558994611261,0.949558994611261
US14149Y1082,CARDINAL HEALTH,92,0,0,0.972900441536597,0.972900441536597
US1431301027,CARMAX,43,0,0,1,1
US1491231015,CATERPILLAR,92,0,0.244396562957747,0.297041277083771,0.42782927129512
US1510201049,CELGENE DEAD - DELIST.21/11/19,52,0.158227995378139,0.210970660504186,0.552265576080282,0.793651035562795
US15189T1079,CENTERPOINT EN.,92,0.00394691313219119,0.00394691313219119,0.988892854737509,0.988892854737509
US1523121044,CENTEX DEAD - DELIST.19/08/09,46,0,0,0,0
US1567821046,CERNER,43,0,0,0.890117014692656,0.890117014692656
US1651677437,CHESAPEAKE ENERGY DEAD - DELIST.10/02/21,48,0,0,0.989226565087778,0.989226565087778
US1667641005,CHEVRON,92,0,0,0.541022834577977,0.541022834577977
US1712321017,CHUBB DEAD - DELIST.14/01/16,72,0,0,0.802739015094273,0.802739015094273
US1720621010,CINCINNATI FINL.,92,0,0,1,1
US1727371080,CIRCUIT CITY STORES DEAD - DELIST.28/09/11,40,0,0,0.978281005309194,0.978281005309194
US17275R1023,CISCO SYSTEMS,92,0.0955685353314481,0.24631323631695,0.549827099157027,0.549827099157027
US1729081059,CINTAS,80,0,0,1,1
US1729674242,CITIGROUP,92,0,0.144822307004733,0.373132533208226,0.55620459063877
US1773761002,CITRIX SYS.,85,0,0.326029816157117,0,0.352996761733574
US1845021021,CLEAR CHL.COMMS. DEAD - DELIST.11/08/08,42,0,0,0,0
US1890541097,CLOROX,92,0,0,0.830442256404075,0.830442256404075
US1912161007,COCA COLA,92,0.0879703832064159,0.272423886797945,0.160271891012007,0.301189224163351
US1924461023,COGNIZANT TECH.SLTN.'A',57,0.159501535718603,0.159501535718603,0,0.806561123833701
US1941621039,COLGATE-PALM.,92,0.155334330136889,0.222457370369716,0.20399952352847,0.259748275049068
US20030N1019,COMCAST A,92,0.038479984201766,0.038479984201766,0.95107437394796,0.95107437394796
US2003401070,COMERICA,92,0,0,1.02695650480648,1.02695650480648
US2056381096,COMPUWARE DEAD - DELIST.16/12/14,52,0.0525154052281839,0.217565413432606,0.677396875298005,0.677396875298005
US2058871029,CONAGRA BRANDS,92,0,0,0.953789002864943,0.953789002864943
US20825C1045,CONOCOPHILLIPS,92,0.101031890098377,0.101031890098377,0.694822084746593,0.694822084746593
US2091151041,CONSOLIDATED EDISON,92,0,0,1,1
US21036P1084,CONSTELLATION BRANDS 'A',62,0.165970847275301,0.276618078792168,0.741620418672855,0.741620418672855
US2103711006,CONSTELLATION EN. DEAD - AQCD.BY 902317,56,0,0,1,1
US2193501051,CORNING,92,0.130205353138475,0.130205353138475,0.329804933763388,0.363476566256474
US22160K1051,COSTCO WHOLESALE,92,0,0,0.623557015201279,0.653053429486236
US2223721042,COUNTRYWIDE FINL. DEAD - DELIST.11/07/08,42,0,0,1,1
US2310211063,CUMMINS,92,0.0786112639325643,0.131018773220941,0.504367867668077,0.517040294528771
US23331A1097,D R HORTON,62,0,0,1,1
US2333311072,DTE ENERGY,92,0,0,1,1
US23355L1061,DXC TECHNOLOGY,86,0.310656086280044,0.310656086280044,0.567739697656249,0.567739697656249
US2358511028,DANAHER,89,0.0995655376193068,0.124456922024134,0.532418581087712,0.532418581087712
US2371941053,DARDEN RESTAURANTS,92,0,0,1,1
US23918K1088,DAVITA,50,0,0,0.990040376850606,0.990040376850606
US2441991054,DEERE,92,0.0416713562183455,0.208356781091728,0.386939056188942,0.512454890088008
US24702R1014,DELL DEAD - DELIST.30/10/13,63,0.143641457360187,0.21546218604028,0.172981645905834,0.629146785190461
US24906P1093,DENTSPLY SIRONA,49,0.15294730862831,0.191184135785387,0.433211099704614,0.433211099704614
US25179M1036,DEVON ENERGY,82,0,0,0.711181090131572,0.711181090131572
US2540671011,DILLARDS 'A',43,0,0,1,1
US2546871060,WALT DISNEY,92,0.131160156237458,0.131160156237458,0.32784926968265,0.795887150255358
US2547091080,DISCOVER FINANCIAL SVS.,54,0.0125422841211241,0.0125422841211241,0.987457715878876,0.987457715878876
US25470F1049,DISCOVERY SERIES A,44,0,0,0.610666185493476,0.610666185493476
US25746U1097,DOMINION ENERGY,92,0,0,0.992322096190068,0.992322096190068
US2578672006,R R DONNELLEY & SONS,59,0.0636655739087304,0.0795819673859131,0.800035118806061,0.800035118806061
US2600031080,DOVER,92,0.181637125182611,0.181637125182611,0.575211920629694,0.575211920629694
US2605431038,DOW CHEMICAL DEAD - DELIST.01/09/17,78,0.139740665588158,0.339046874589966,0.357374826790139,0.357374826790139
US2635341090,E I DU PONT DE NEMOURS DEAD - DELIST.01/09/17,78,0.122010307724769,0.179568775189586,0.386799768747512,0.393683970896338
US26441C2044,DUKE ENERGY,92,0,0,0.900443078705172,0.900443078705172
US2686481027,EMC DEAD - DELIST.07/09/16,74,0,0.279127497717423,0.411154953486587,0.564325801388763
US26875P1012,EOG RES.,81,0.00575800374176879,0.0287900187088439,0.85964750457375,0.85964750457375
US26884L1098,EQT,40,0,0,1,1
US2692464017,E TRADE FINANCIAL DEAD - DELIST.05/10/20,66,0.0273278591406175,0.0273278591406175,0.941542300367706,0.941542300367706
US2774321002,EASTMAN CHEMICAL,92,0.0447629083245522,0.228514083193592,0.385974707756483,0.531108579409692
US2774611097,EASTMAN KODAK DEAD - DELIST.03/09/13,51,0,0,0,0
US2786421030,EBAY,74,0.214161407022616,0.285548542696821,0.457260032834467,0.457260032834467
US2788651006,ECOLAB,92,0,0.180293980849163,0.585579317627208,0.585579317627208
US2810201077,EDISON INTL.,92,0.0194589058632756,0.0243236323290945,0.974101179489716,0.974101179489716
US28336L1098,EL PASO DEAD - MERGER.74500P,50,0,0,0.958104619561036,0.958104619561036
US2855121099,ELECTRONIC ARTS,74,0.229861342177662,0.383102236962771,0,0.505143317919821
US2856611049,ELECTRONIC DATA SYSTEMS DEAD - DELIST.05/09/08,40,0.155416240072198,0.155416240072198,0.553572971962603,0.553572971962603
US2910111044,EMERSON ELECTRIC,92,0.196618293178951,0.196618293178951,0.316156468557113,0.395195585696391
US29364G1031,ENTERGY,92,0,0,1,1
US2944291051,EQUIFAX,92,0.0524780182988315,0.0655975228735394,0.746014077905497,0.746014077905497
US29476L1070,EQUITY RESD.TST.PROPS. SHBI,77,0,0,1,1
US30040W1080,EVERSOURCE ENERGY,48,0,0,1,1
US30161N1019,EXELON,92,0,0,1,1
US30212P3038,EXPEDIA GROUP,53,0,0,0.6579014319103,0.6579014319103
US3021301094,EXPEDITOR INTL.OF WASH.,53,0.101514030673199,0.128537729933848,0.238052278481911,0.246602096576676
US30219G1085,EXPRESS SCRIPTS HOLDING DEAD - DELIST.21/12/18,55,0,0,0.998709203460751,0.998709203460751
US30231G1022,EXXON MOBIL,92,0,0,0.339857060908653,0.339857060908653
US3024451011,FLIR SYSTEMS DEAD - DELIST.17/05/21,48,0.187205007300855,0.24960667640114,0.536369990814025,0.536369990814025
US3024913036,FMC,62,0,0.230316836833298,0.0866233600815183,0.340506587718769
US3070001090,FAMILY DOLLAR STORES DEAD - DELIST.07/07/15,56,0,0,1,1
US3119001044,FASTENAL,50,0,0,0.898034250427551,0.898034250427551
US3134003017,FREDDIE MAC,42,0,0,1,1
US3135861090,FANNIE MAE,42,0,0,1,1
US31428X1063,FEDEX,92,0,0,0.729242000281716,0.729242000281716
US3156161024,F5 NETWORKS,41,0.0464833292034069,0.19094421142627,0.497871468293557,0.663828624391409
US31620M1062,FIDELITY NAT.INFO.SVS.,57,0,0,0.75,0.940228648820905
US3167731005,FIFTH THIRD BANCORP,92,0,0,1,1
US3205171057,FIRST HORIZON,44,0,0,1,1
US3377381088,FISERV,79,0,0,0.927498797615131,0.927498797615131
US3379321074,FIRSTENERGY,92,0,0,1,1
US3434121022,FLUOR,74,0.146170822579665,0.146170822579665,0.474875477612715,0.474875477612715
US34354P1057,FLOWSERVE,49,0.177169459583619,0.381820068296376,0.435024956192692,0.435024956192692
US3453708600,FORD MOTOR,92,0.190924025184076,0.190924025184076,0.601080836711046,0.601080836711046
US3458381064,FOREST LABS. DEAD - DELIST.01/07/14,55,0.0240152981766953,0.0240152981766953,0.973893782941792,0.973893782941792
US3546131018,FRANKLIN RESOURCES,91,0.138527499963023,0.138527499963023,0.650497668696678,0.650497668696678
US35671D8570,FREEPORT-MCMORAN,92,0.21501773255744,0.21501773255744,0.234092951837417,0.234092951837417
US35906A3068,FRONTIER COMMUNICATIONS DEAD - DELIST.03/05/21,64,0,0,0,0
US3647601083,GAP,92,0.031108351510496,0.03888543938812,0.872083069875823,0.872083069875823
US3695501086,GENERAL DYNAMICS,92,0.0676029429688404,0.0676029429688404,0.829805097797345,0.836668995601533
US3696043013,GENERAL ELECTRIC,92,0.194886048822171,0.194886048822171,0.52837368114013,0.52837368114013
US3703341046,GENERAL MILLS,92,0,0,0.815386673363102,0.815386673363102
US3724601055,GENUINE PARTS,92,0.0291328527226686,0.145664263613343,0.879828411866847,0.879828411866847
US37247D1063,GENWORTH FINANCIAL CL.A,40,0,0,0.845098934064135,0.845098934064135
US3755581036,GILEAD SCIENCES,66,0.394665822333442,0.394665822333442,0.520006966543711,0.520006966543711
US37959E1029,GLOBE LIFE,92,0,0,1,1
US38141G1040,GOLDMAN SACHS GP.,74,0.0605424954792043,0.27132129823811,0.344694604027656,0.43086825503457
US3823881061,GOODRICH DEAD - DELIST.27/07/12,58,0.299477389001928,0.299477389001928,0.527233136491553,0.527233136491553
US3825501014,GOODYEAR TIRE & RUB.,84,0.0582873029016038,0.0971455048360063,0.450079725316982,0.450079725316982
US3848021040,WW GRAINGER,92,0,0,0.836991499145627,0.836991499145627
US40434L1052,HP,92,0,0.346475043697805,0.388636026592473,0.388636026592473
US4062161017,HALLIBURTON,92,0.0444950590609852,0.148468428657301,0.266777844778444,0.381617264234289
US4128221086,HARLEY-DAVIDSON,81,0.0789450016707453,0.108046538109019,0.753256595153065,0.753256595153065
US4130861093,HARMAN INTL.INDS. DEAD - DELIST.13/03/17,44,0.518770601845444,0.518770601845444,0.29824649657037,0.29824649657037
US4136191073,HARRAHS ENTERTAINMENT DEAD - MERGER.08/02/08,40,0,0,1,1
US4165151048,HARTFORD FINL.SVS.GP.,92,0.000938583962456641,0.0015643066040944,0.4,0.956258944048538
US4180561072,HASBRO,92,0,0,0.555750782311639,0.555750782311639
US42250P1030,HEALTHPEAK PROPERTIES,52,0,0,1,1
US4230741039,HJ HEINZ DEAD - DELIST.10/06/13,61,0.281358041280294,0.281358041280294,0.217177063082061,0.459220890406335
US4234521015,HELMERICH & PAYNE,48,0,0,0.837199045552007,0.837199045552007
US4270561065,HERCULES DEAD - DELIST.24/11/08,43,0.336441715078808,0.336441715078808,0.511964768550993,0.511964768550993
US4278661081,HERSHEY,92,0,0,0.508045364873307,0.908045364873307
US42809H1077,HESS,92,0.205706230543685,0.257132788179606,0.663815219519689,0.663815219519689
US4325891095,HILLSHIRE BRANDS DEAD - DELIST.28/08/14,57,0.164951118160362,0.164951118160362,0.58617661279055,0.58617661279055
US4370761029,HOME DEPOT,92,0,0,0.914742969114943,0.914742969114943
US4385161066,HONEYWELL INTL.,92,0.216232841383868,0.216232841383868,0.635217786372849,0.635217786372849
US4404521001,HORMEL FOODS,48,0,0,0.947305529378829,0.947305529378829
US4410601003,HOSPIRA DEAD - DELIST.03/09/15,45,0,0.124706422955172,0.416449981269245,0.816978419949935
US44107P1049,HOST HOTELS & RESORTS REIT,56,0.000766283524904214,0.00383141762452107,0.971420916677135,0.971420916677135
US4432011082,HOWMET AEROSPACE,92,0.160477183540433,0.160477183540433,0.57026317310846,0.57026317310846
US4448591028,HUMANA,92,0,0,1,1
US4461501045,HUNTINGTON BCSH.,92,0,0,1,1
US4499341083,IMS HEALTH DEAD - DELIST.08/03/10,46,0.446645360248922,0.446645360248922,0,0.451808227963727
US45073V1089,ITT,55,0.202750997691279,0.253438747114099,0.558579342792059,0.558579342792059
US4523081093,ILLINOIS TOOL WORKS,92,0.121827543591279,0.290289053454278,0.380719084080727,0.523814542339454
US4581401001,INTEL,92,0.115825818812513,0.193043031354188,0.224439723231327,0.224439723231327
US45866F1049,INTERCONTINENTAL EX.,54,0.222826248661631,0.445652497323262,0.58768969998442,0.58768969998442
US4592001014,INTERNATIONAL BUS.MCHS.,92,0,0.320064630509413,0.290199967871409,0.386933290495212
US4595061015,INTL.FLAVORS & FRAG.,92,0.0756656615128076,0.386960931904656,0,0.217479838866448
US4599021023,INTERNATIONAL GAME TECH. DEAD - ACQD.BY 9437JT,51,0,0,0.78528196158851,0.78528196158851
US4601461035,INTERNATIONAL PAPER,92,0.0870770784996313,0.118040637632205,0.781315292518822,0.781315292518822
US4606901001,INTERPUBLIC GROUP,92,0.251597828264889,0.251597828264889,0.57287546953846,0.57287546953846
US4612021034,INTUIT,81,0,0,0.982746600233127,0.982746600233127
US46120E6023,INTUITIVE SURGICAL,51,0,0,0.83819479563196,0.83819479563196
US46284V1017,IRON MOUNTAIN,48,0.0740787933680349,0.0925984917100436,0.711513685767244,0.711513685767244
US46625H1005,JP MORGAN CHASE & CO.,92,0,0.142304260524684,0.392342792460284,0.772997326686296
US4663131039,JABIL,55,0.110305588245333,0.183842647075555,0.272845177345537,0.272845177345537
US4698141078,JACOBS ENGR.,53,0.178150959823555,0.178150959823555,0.709794337660165,0.709794337660165
US47102X1054,JANUS CAPITAL GP. DEAD - DELIST.30/05/17,45,0.00935234197767003,0.0374093679106801,0.901844594016204,0.901844594016204
US47233W1099,JEFFERIES FINANCIAL GROUP,48,0.0696011396805907,0.0870014246007384,0.529845526085689,0.662306907607112
US4781601046,JOHNSON & JOHNSON,92,0.234948295540591,0.234948295540591,0.53098585961143,0.53098585961143
US4783661071,JOHNSON CONTROLS DEAD - DELIST.06/09/16,74,0.331585966070954,0.331585966070954,0.472315447353713,0.472315447353713
US48203R1041,JUNIPER NETWORKS,59,0,0.283873203061239,0.428596638784221,0.518993925605927
US4824801009,KLA,92,0.049413802398166,0.112377128724589,0.144916952180763,0.225554617894067
US4858651098,KATE SPADE & COMPANY DEAD - DELIST.12/07/17,43,0,0,0.739074795302064,0.739074795302064
US48666K1097,KB HOME,47,0.0272615273813369,0.0340769092266712,0.94854807957979,0.94854807957979
US4878361082,KELLOGG,92,0.0956902298042155,0.159483716340359,0.482754593918778,0.616539917976476
US4932671088,KEYCORP,92,0,0,1,1
US4943681035,KIMBERLY-CLARK,92,0.126330954124842,0.157913692656053,0.334203485580752,0.545347209858974
US49446R1095,KIMCO REALTY,59,0,0,1,1
US4955821081,KING PHARMS. DEAD - DELIST.01/03/11,40,0,0,1,1
US5002551043,KOHL'S,88,0,0,1,1
US5010441013,KROGER,92,0,0,1,1
US5021611026,LSI DEAD - ACQD.BY 54332K,65,0.085668066530981,0.170708534662498,0.204396541532139,0.455958164989066
US5024131071,L3 TECHNOLOGIES DEAD - DELIST.01/07/19,59,0.025077250713591,0.0334363342847879,0.855977396000048,0.855977396000048
US5024311095,L3HARRIS TECHNOLOGIES,57,0,0,0.914649535395825,0.914649535395825
US50540R4092,LABORATORY CORP.OF AM. HDG.,65,0.0270451049826519,0.0270451049826519,0.75,0.956125478413278
US5184391044,ESTEE LAUDER COS.'A',60,0,0.355455502387515,0.121773380965467,0.396045267347643
US5246601075,LEGGETT&PLATT,85,0.0712059451696518,0.0890074314620648,0.744547855596582,0.744547855596582
US5249011058,LEGG MASON DEAD - DELIST.03/08/20,42,0.0830378061442636,0.0830378061442636,0.828588533987823,0.828588533987823
US5249081002,LEHMAN BROS.HDG. DEAD - DELIST.06/03/12,42,0.123069036226931,0.278058007292196,0.608238145524823,0.608238145524823
US5260571048,LENNAR 'A',61,0,0,1,1
US5297711070,LEXMARK INTL. DEAD - DELIST.29/11/16,53,0.198666184237218,0.384753950342816,0.472251062484226,0.472251062484226
US5324571083,ELI LILLY,92,0.106309358058836,0.207704379833318,0.564092028257334,0.564092028257334
US5341871094,LINCOLN NATIONAL,92,0,0,1,1
US5356781063,LINEAR TECHNOLOGY DEAD - DELIST.13/03/17,67,0.183502375156832,0.183502375156832,0.333652866750551,0.333652866750551
US5398301094,LOCKHEED MARTIN,92,0.0193706229548304,0.0968531147741521,0.818027458374669,0.818027458374669
US5404241086,LOEWS,92,0,0,1,1
US5486611073,LOWE'S COMPANIES,92,0,0,0.988182640043751,0.988182640043751
US5502411037,LUMEN TECHNOLOGIES,88,0,0,1,1
US55261F1049,M&T BANK,68,0,0,1,1
US55262C1009,MBIA,47,0.0441558441558442,0.0883116883116883,0.779309731364526,0.779309731364526
US5528481030,MGIC INVESTMENT,43,0,0,1,1
US55616P1049,MACY'S,89,0,0,1,1
US5658491064,MARATHON OIL,92,0.00830566803324216,0.0207641700831054,0.884961963791396,0.884961963791396
US5717481023,MARSH & MCLENNAN,92,0.293905049339205,0.293905049339205,0.539408855085479,0.539408855085479
US5719032022,MARRIOTT INTL.'A',91,0,0,0.949044971731973,0.949044971731973
US5745991068,MASCO,92,0.193997449219856,0.193997449219856,0,0.806321239288556
US57636Q1040,MASTERCARD,50,0,0,0.451981991836949,0.451981991836949
US5770811025,MATTEL,85,0.0973332768870659,0.243333192217665,0.484099954940581,0.601166840355294
US5797802064,MCCORMICK & COMPANY NV.,72,0.127172484549041,0.206614708260081,0.616289583805,0.616289583805
US5801351017,MCDONALDS,92,0.215377806596025,0.358963010993375,0.358094237234287,0.358094237234287
US58155Q1031,MCKESSON,88,0,0,0.882887958293882,0.882887958293882
US5833341077,MEADWESTVACO DEAD - DELIST.02/07/15,69,0.0222980243126302,0.0668940729378906,0.754773008728748,0.754773008728748
US58933Y1055,MERCK & COMPANY,92,0,0.270894271499552,0.543808269058097,0.543808269058097
US5894331017,MEREDITH,52,0,0,1,1
US5901881087,MERRILL LYNCH & CO. DEAD - DELIST.15/01/09,44,0,0.184638544730582,0.665626711808739,0.665626711808739
US59156R1086,METLIFE,81,0,0,0.807254305565772,0.807254305565772
US5949181045,MICROSOFT,92,0,0,0.581852763006996,0.581852763006996
US5950171042,MICROCHIP TECH.,54,0.23902042243012,0.23902042243012,0,0.269010485614158
US5951121038,MICRON TECHNOLOGY,92,0.104798957817798,0.130998697272248,0.356206300632349,0.356206300632349
US6010731098,MILLIPORE DEAD - DELIST.15/07/10,50,0.324431365554774,0.324431365554774,0,0.424819337939702
US6085541018,MOLEX DEAD - ACQD.BY 322739,56,0.109109876788228,0.163664815182341,0.316414047493827,0.316414047493827
US60871R2094,MOLSON COORS BEVERAGE COMPANY B,92,0.266366184511499,0.332957730639373,0.284824595050687,0.75911481261987
US6092071058,MONDELEZ INTERNATIONAL CL.A,55,0.108961283402064,0.248837833996568,0.304698966541481,0.45052208716203
US61166W1018,MONSANTO DEAD - DELIST.07/06/18,63,0,0.12168915140311,0.558820964417685,0.558820964417685
US6117421072,MONSTER WORLDWIDE DEAD - DELIST.01/11/16,42,0.112019927292183,0.149359903056244,0.495838785394981,0.651323609318117
US6153691059,MOODY'S,90,0,0.308759842519685,0.600364834567318,0.600364834567318
US6174464486,MORGAN STANLEY,92,0,0.178276267324895,0,0.52489888979263
US6200763075,MOTOROLA SOLUTIONS,92,0.0572592971464811,0.0715741214331014,0.576828273407618,0.576828273407618
US6267171022,MURPHY OIL,48,0.0799533608806395,0.106604481174186,0.422578009797444,0.525904639318396
US6293775085,NRG ENERGY,44,0.0195894030680335,0.0326490051133892,0.4,0.768290316456417
US62955J1034,NOV,64,0.0361878138418439,0.0482504184557919,0.498539480237548,0.498539480237548
US6311031081,NASDAQ,49,0,0,0.867694731553241,0.867694731553241
US6354051038,NATIONAL CITY DEAD - DELIST.12/01/09,44,0,0,1,1
US6376401039,NATIONAL SEMICON. DEAD - DELIST.26/09/11,54,0.121814854102271,0.182722281153407,0.263264892171621,0.263264892171621
US64110D1046,NETAPP,87,0.0676145902223127,0.321104385416124,0.428385686857908,0.571180915810544
US64110L1061,NETFLIX,41,0,0.103646377919247,0.749581873880123,0.99944249850683
US6501111073,NEW YORK TIMES 'A',51,0,0,1,1
US6512291062,NEWELL BRANDS (XSC),92,0.069745387743633,0.112161872279487,0.718827568156025,0.718827568156025
US6516391066,NEWMONT,92,0.290889153181353,0.727222882953383,0.122153436073044,0.262355378320134
US65339F1012,NEXTERA ENERGY,92,0,0,1,1
US6540861076,NICOR DEAD - AQCD.BY 906820,55,0,0,1,1
US6541061031,NIKE 'B',92,0.159891257953135,0.272195710987491,0.179878991604755,0.428128271996606
US65473P1057,NISOURCE,81,0,0,1,1
US6550441058,NOBLE ENERGY DEAD - DELIST.06/10/20,52,0.0164428374655647,0.065771349862259,0.665181678923304,0.665181678923304
US6556641008,NORDSTROM,89,0,0,1,1
US6558441084,NORFOLK SOUTHERN,92,0,0,0,1
US6658591044,NORTHERN TRUST,92,0,0,0.723891880203982,0.723891880203982
US6668071029,NORTHROP GRUMMAN,92,0.0113155248783934,0.0282888121959836,0.917027085686263,0.917027085686263
US6687711084,NORTONLIFELOCK,72,0.021453634085213,0.129136093245161,0.502732501279153,0.502732501279153
US6700061053,NOVELL DEAD - DELIST.28/04/11,53,0.185765602800325,0.305073965828442,0.557617928265878,0.557617928265878
US6700081010,NOVELLUS SYSTEMS DEAD - ACQD.BY 946387,48,0.0359768195133575,0.0359768195133575,0.0593858881182207,0.566630580037247
US6703461052,NUCOR,92,0,0,1,1
US67066G1040,NVIDIA,77,0.0928503093835772,0.0928503093835772,0.130834894557587,0.130834894557587
US67098H1041,O I GLASS,42,0.270847521848554,0.338559402310692,0.0588080774913807,0.380163987019702
US67103H1077,O REILLY AUTOMOTIVE,48,0,0,1,1
US6745991058,OCCIDENTAL PTL.,92,0,0,0.708200418436981,0.708200418436981
US67622P1012,OFFICEMAX DEAD - DELIST.06/11/13,41,0,0,0.852735867188217,0.852735867188217
US6795351047,OLD COPPER DEAD - DELIST.21/06/21,63,0,0,1,1
US6819191064,OMNICOM GROUP,92,0.134537075527371,0.313856104824477,0.215489575825643,0.418036476459351
US6826801036,ONEOK,58,0,0,1,1
US68389X1054,ORACLE,92,0.136399207463236,0.136399207463236,0.458381273932398,0.458381273932398
US69331C1080,PG&E,84,0,0,1,1
US6934751057,PNC FINL.SVS.GP.,92,0,0,1,1
US6935061076,PPG INDUSTRIES,92,0.182028669483292,0.251663372679639,0.432249824185794,0.536440952691991
US69351T1060,PPL,92,0.118930363207169,0.198217272011949,0.824423512999923,0.824423512999923
US6937181088,PACCAR,92,0.284241378953172,0.284241378953172,0.494664973676542,0.494664973676542
US6952571056,PACTIV DEAD - DELIST.17/11/10,44,0,0,0.860628501671355,0.860628501671355
US6964293079,PALL DEAD - ACQD.BY 912941,70,0.383497182673389,0.383497182673389,0,0.232017210998112
US7010941042,PARKER-HANNIFIN,92,0.0379120325478697,0.189560162739348,0,0.660613183890226
US7033951036,PATTERSON COMPANIES,49,0.0554289835514245,0.138572458878561,0.864933605712552,0.864933605712552
US7043261079,PAYCHEX,89,0,0,1,1
US7127041058,PEOPLES UNITED FINANCIAL,49,0,0,1,1
US7134481081,PEPSICO,92,0.0292978416969239,0.0366223021211548,0.585107642936988,0.585107642936988
US7140461093,PERKINELMER,92,0.169955989664402,0.212444987080503,0.398162132691448,0.398162132691448
US7170811035,PFIZER,92,0.0397690985015967,0.222304664583417,0.503054738647683,0.503054738647683
US7181721090,PHILIP MORRIS INTL.,52,0.53115099040934,0.62276354048274,0,0
US7234841010,PINNACLE WEST CAP.,85,0,0,1,1
US7237871071,PIONEER NTRL.RES.,50,0,0,0.89941473627249,0.89941473627249
US7244791007,PITNEY-BOWES,76,0,0,0.780902140007745,0.780902140007745
US7292511083,PLUM CREEK TIMBER DEAD - DELIST.22/02/16,56,0,0,1,1
US74005P1049,PRAXAIR DEAD - DELIST.31/10/18,83,0,0,0,0
US74144T1088,T ROWE PRICE GROUP,85,0,0,1,1
US74251V1026,PRINCIPAL FINL.GP.,74,0,0,0.944229883091204,0.944229883091204
US7427181091,PROCTER & GAMBLE,92,0,0,0.431686677548961,0.429397079330567
US7432631056,PROGRESS ENERGY DEAD - ACQD.BY 904383,58,0,0,1,1
US7433151039,PROGRESSIVE OHIO,92,0,0,1,1
US7443201022,PRUDENTIAL FINL.,74,0,0,0.715875307840477,0.715875307840477
US7445731067,PUB.SER.ENTER.GP.,92,0,0,0.986190761723596,0.986190761723596
US74460D1090,PUBLIC STORAGE,62,0,0,1,1
US7458671010,PULTEGROUP,92,0,0,0.998693980910549,0.998693980910549
US7472771010,QLOGIC DEAD - DELIST.17/08/16,41,0.0551515094968966,0.152871362565353,0.589964224000044,0.589964224000044
US7475251036,QUALCOMM,86,0.00921125324040627,0.0368450129616251,0.158724690513878,0.158724690513878
US74762E1029,QUANTA SERVICES,46,0,0,0.97172601322256,0.97172601322256
US74834L1008,QUEST DIAGNOSTICS,73,0,0,1,1
US7491211097,QWEST COMMS.INTL. DEAD - DELIST.01/04/11,43,0,0,1,1
US74979E1010,RS LEGACY DEAD - DELIST.09/10/15,54,0,0,1,1
US7512121010,RALPH LAUREN CL.A,56,0.20004834659367,0.20004834659367,0.231798188354858,0.71479771645363
US75281A1097,RANGE RES.,42,0,0,1,1
US7551115071,RAYTHEON 'B' DEAD - DELIST.03/04/20,89,0.0125580748917921,0.0502322995671683,0.783999711794406,0.783999711794406
US75513E1010,RAYTHEON TECHNOLOGIES,92,0.211159860714288,0.211159860714288,0.543773094999566,0.543773094999566
US7565771026,RED HAT DEAD - DELIST.09/07/19,40,0.0692305415723337,0.182728029285466,0,0.68527967930567
US7591EP1005,REGIONS FINL.NEW,82,0,0,1,1
US7607591002,REPUBLIC SVS.'A',49,0,0,1,1
US7617131062,REYNOLDS AMERICAN DEAD - DELIST.25/07/17,60,0,0,1,1
US7703231032,ROBERT HALF INTL.,81,0,0,0.799197439559865,0.799197439559865
US7739031091,ROCKWELL AUTOMATION,92,0.0217591945182492,0.179154793825746,0.506291839807959,0.625101280864548
US7743411016,ROCKWELL COLLINS DEAD - DELIST.27/11/18,69,0.187279361945386,0.187279361945386,0.645545114347555,0.645545114347555
US7753711073,ROHM & HAAS DEAD - DELIST.13/04/09,45,0.1257192894671,0.251438578934201,0.455121314455823,0.455121314455823
US7766961061,ROPER TECHNOLOGIES,45,0,0,0.759319369264279,0.759319369264279
US7782961038,ROSS STORES,45,0,0,1,1
US7835491082,RYDER SYSTEM,77,0.0405175065816108,0.0540233421088144,0.837010763511137,0.837010763511137
US78409V1044,S&P GLOBAL,92,0.171496393041275,0.171496393041275,0.701798985721663,0.701798985721663
US78442P1066,SLM,63,0,0,1,1
US7864291007,SAFECO DEAD - DELIST.03/10/08,42,0,0,0,0
US7865142084,SAFEWAY DEAD - DELIST.30/01/15,65,0,0,0.871156612187143,0.871156612187143
US7908491035,ST.JUDE MEDICAL DEAD - DELIST.05/01/17,76,0.172118769279138,0.229491692372185,0.561362568265899,0.561362568265899
US79466L3024,SALESFORCE.COM,50,0.145108511648744,0.145108511648744,0.19540018399264,0.614774681465681
US80004C1018,SANDISK DEAD - DELIST.13/05/16,40,0.0412720251507115,0.153751088609327,0.200423845510225,0.315146561959733
US80589M1027,SCANA DEAD - DELIST.02/01/19,40,0,0,1,1
US8066051017,SCHERING-PLOUGH DEAD - 04/11/09,47,0.112277126846663,0.324729798281245,0.509622199800217,0.509622199800217
US8085131055,CHARLES SCHWAB,92,0,0,1,1
US81211K1007,SEALED AIR,91,0.229468288492673,0.271546931011844,0.189309585295626,0.508071124668385
US8168511090,SEMPRA,91,0.0152655078950804,0.038163769737701,0.885893755116157,0.885893755116157
US8243481061,SHERWIN-WILLIAMS,92,0,0,0.850191743896212,0.850191743896212
US8265521018,SIGMA ALDRICH DEAD - DELIST.19/11/15,71,0.0705359043169839,0.105803856475476,0.494670804835736,0.494670804835736
US8288061091,SIMON PROPERTY GROUP,75,0,0,1,1
US8326964058,J M SMUCKER,49,0,0,0.885255026593747,0.885255026593747
US8330341012,SNAP-ON,92,0.19887258583786,0.19887258583786,0.636973574294523,0.636973574294523
US8425871071,SOUTHERN,92,0,0,1,1
US8447411088,SOUTHWEST AIRLINES,92,0,0,1,1
US8475601097,SPECTRA ENERGY DEAD - DELIST.27/02/17,40,0,0,0.502374319521343,0.502374319521343
US8520611000,SPRINT NEXTEL DEAD - DELIST.11/07/13,62,0,0,1,1
US8545021011,STANLEY BLACK & DECKER,92,0.21595899376261,0.21595899376261,0.619047340492097,0.619047340492097
US8550301027,STAPLES DEAD - DELIST.13/09/17,75,0.0167952759645674,0.0671811038582696,0.538559998419324,0.771764722454757
US8552441094,STARBUCKS,83,0,0,0.793481425838174,0.793481425838174
US85590A4013,STARWOOD H&R.WORLDWIDE DEAD - DELIST.23/09/16,63,0.0867049364934002,0.1156065819912,0.65136982797432,0.65136982797432
US8574771031,STATE STREET,92,0,0,0.70506697289233,0.70506697289233
US8589121081,STERICYCLE,40,0.0854810815944827,0.142468469324138,0.660013347708156,0.805029871994906
US8636671013,STRYKER,81,0.0698243645654175,0.154176408362025,0.672730860794791,0.672730860794791
US8668102036,SUN MICROSYSTEMS DEAD - ACQD.BY 719618,48,0,0.329191530704188,0.462606538920805,0.462606538920805
US86764P1093,SUNOCO DEAD - DELIST.05/10/12,59,0,0,1,1
US8679141031,SUNTRUST BANKS DEAD - DELIST.09/12/19,87,0,0,1,1
US8685363017,SUPERVALU DEAD - DELIST.23/10/18,57,0,0,1,1
US87161C5013,SYNOVUS FINANCIAL,40,0,0,1,1
US8718291078,SYSCO,92,0.0175090857426015,0.0350181714852029,0.89720821263862,0.89720821263862
US8723751009,TECO ENERGY DEAD - DELIST.01/07/16,59,0,0,0.990443946324161,0.990443946324161
US8725401090,TJX,92,0.0499275521241279,0.0832125868735465,0.807616010151507,0.807616010151507
US8760301072,TAPESTRY,66,0,0,0.726968855160013,0.726968855160013
US87612E1064,TARGET,92,0,0,1,1
US87901J1051,TEGNA,77,0,0,0.927328330051185,0.927328330051185
US8796641004,TELLABS DEAD - DELIST.04/12/13,55,0,0,0.737855343365659,0.737855343365659
US88033G4073,TENET HEALTHCARE,73,0,0,1,1
US8807701029,TERADYNE (XSC),58,0.10383340985459,0.10383340985459,0.217428082291624,0.217428082291624
US8825081040,TEXAS INSTRUMENTS,92,0.0935018981016075,0.155757809664559,0.153956658670593,0.153956658670593
US8832031012,TEXTRON,92,0.13749385536031,0.13749385536031,0.64526731057768,0.64526731057768
US88337F1057,ODP,46,0,0,0.773329524782755,0.773329524782755
US8835561023,THERMO FISHER SCIENTIFIC,92,0.105130502305862,0.175217503843104,0.564012494030879,0.564012494030879
US88579Y1010,3M,92,0.0471896675436498,0.222560172291307,0.241171979750618,0.301464974688272
US8865471085,TIFFANY & CO DEAD - DELIST.07/01/21,83,0,0,0.533662601139237,0.533662601139237
US8873173038,TIME WARNER DEAD - DELIST.16/06/18,77,0.123569101378219,0.123569101378219,0.740988493844167,0.740988493844167
US8919061098,TOTAL SYSTEM SERVICES DEAD - DELIST.18/09/19,46,0.0843171147608903,0.112422819681187,0.803821267822294,0.803821267822294
US8941641024,TRAVEL LEISURE,47,0.0652795502653937,0.0870394003538583,0.79360817189803,0.79360817189803
US89417E1091,TRAVELERS COS.,92,0,0,1.00450796787708,1.00450796787708
US89832Q1094,TRUIST FINANCIAL,92,0,0,1,1
US90130A3095,TWENTY FIRST CENTURY FOX A,56,0.241603906969741,0.241603906969741,0.321490266396713,0.616589363320443
US9024941034,TYSON FOODS 'A',62,0,0,0.959991140323198,0.959991140323198
US9029111062,UST DEAD - DELIST.20/01/09,44,0,0,1,1
US9029733048,US BANCORP,88,0,0,1,1
US9078181081,UNION PACIFIC,92,0,0,1,1
US9092143067,UNISYS,43,0.119500166834322,0.119500166834322,0.435495345917187,0.435495345917187
US9113121068,UNITED PARCEL SER.'B',74,0,0,0.637995221490059,0.637995221490059
US9129091081,UNITED STATES STEEL,66,0.176926978936992,0.176926978936992,0.66990157095982,0.823982381366175
US91324P1021,UNITEDHEALTH GROUP,92,0,0,1,1
US91529Y1064,UNUM GROUP,92,0,0,1,1
US9182041080,V F,92,0,0,0.69059082276882,0.69059082276882
US91913Y1001,VALERO ENERGY,67,0.0285555829430614,0.0713889573576534,0.815453975759894,0.815453975759894
US92220P1057,VARIAN MEDICAL SYSTEMS DEAD - DELIST.15/04/21,56,0,0,0.473323872760601,0.473323872760601
US92276F1003,VENTAS,48,0.00289928242869007,0.00362410303586259,0.949390017411317,0.949390017411317
US92343E1029,VERISIGN,60,0,0.195447433494486,0.668727383357873,0.668727383357873
US92343V1044,VERIZON COMMUNICATIONS,92,0,0,0.985417303575441,0.985417303575441
US92553P2011,VIACOM 'B' DEAD - DELIST.05/12/19,72,0.0586555281853558,0.17062574027321,0.747508229195595,0.747508229195595
US9255501051,VIAVI SOLUTIONS,53,0.128017320920255,0.237752004050081,0.161790942639978,0.637376074603388
US92556H2067,VIACOMCBS B,75,0,0,0.845363025567554,0.845363025567554
US92556V1061,VIATRIS,67,0.186564133783782,0.186564133783782,0.659177207867699,0.665892756967308
US92826C8394,VISA 'A',45,0.00612391930835735,0.018371757925072,0.525694086181104,0.525694086181104
US9290421091,VORNADO REALTY TRUST,62,0,0,1,1
US9291601097,VULCAN MATERIALS,86,0,0,0.995861780382948,0.995861780382948
US92939U1060,WEC ENERGY GROUP,49,0,0,1,1
US9299031024,WACHOVIA DEAD - DELIST.12/01/09,44,0,0,1,1
US9311421039,WALMART,92,0,0,0.778657922471209,0.778657922471209
US9314271084,WALGREENS BOOTS ALLIANCE,92,0.0819947774206886,0.0819947774206886,0.910925296391882,0.910925296391882
US9393221034,WASHINGTON MUTUAL DEAD - DELIST.15/08/12,42,0,0,0,0
US94106L1098,WASTE MANAGEMENT,90,0.00960614793467819,0.048030739673391,0.745400976525553,0.935549362635389
US9418481035,WATERS,76,0.300871389493697,0.300871389493697,0.352542776239573,0.352542776239573
US9497461015,WELLS FARGO & CO,92,0,0,1,1
US95040Q1040,WELLTOWER,48,0.0196006180678238,0.0245007725847797,0.923892196708603,0.923892196708603
US9505901093,WENDY'S INTL. DEAD - DELIST.13/10/08,42,0,0,0.688844414521345,0.688844414521345
US9581021055,WESTERN DIGITAL,46,0.154184305891657,0.271238657548123,0.391739046270284,0.391739046270284
US9598021098,WESTERN UNION,57,0,0,0.347535067021291,0.347535067021291
US9621661043,WEYERHAEUSER,92,0.0315035880756784,0.039379485094598,0.772538226714153,0.772538226714153
US9633201069,WHIRLPOOL,92,0.120252265755494,0.200420442925823,0.193850830768853,0.54312782808939
US9668371068,WHOLE FOODS MARKET DEAD - DELIST.29/08/17,46,0,0,0.99225,0.99225
US9694571004,WILLIAMS,92,0,0,0.980608905871587,0.980608905871587
US9825261053,WILLIAM WRIGLEY JR. DEAD - DELIST.17/10/08,43,0.211730777655466,0.439456749247843,0,0.395649102493187
US9830241009,WYETH DEAD - DELIST.15/10/09,47,0.230714297144032,0.230714297144032,0.57763132374027,0.57763132374027
US9831341071,WYNN RESORTS,49,0,0,0.676351563301868,0.676351563301868
US98389B1008,XCEL ENERGY,92,0,0,1,1
US9839191015,XILINX,85,0.197984977589779,0.197984977589779,0.377651994373952,0.393960192570843
US98421M1062,XEROX HOLDINGS,92,0.263506799227256,0.263506799227256,0.604030295633933,0.604030295633933
US9884981013,YUM! BRANDS,92,0,0,0.549738013606187,0.549738013606187
US98956P1021,ZIMMER BIOMET HDG.,78,0.156261564741147,0.239320278743575,0,0.449074288494923
US9897011071,ZIONS BANCORP.,79,0,0,1,1
