year,month,bofaml_ea_hyld_oas_a,bofaml_us_hyld_oas_a,broad_eur,broadexea_usd_a,bund10y_a,bund1y_a,ea_gdpdef,ea_krippner,ea_rgdp,ea_wuxia,eurusd_a,fedfunds,sp500_a,stoxx50_a,sveny01_a,sveny10_a,us_gdpdef,us_krippner,us_rgdp,us_wuxia
1990,1,NaN,NaN,NaN,NaN,NaN,NaN,NaN,NaN,NaN,NaN,-18.409925,8.2299995,582.83044,698.89496,7.927985952,8.164665122,413.53964,NaN,910.77655,7.949798333
1990,2,NaN,NaN,NaN,NaN,NaN,NaN,NaN,NaN,NaN,NaN,-19.746332,8.2399998,580.07727,697.75397,8.091127777,8.414400607,413.90887,NaN,911.7887,7.797503471
1990,3,NaN,NaN,NaN,NaN,NaN,NaN,NaN,NaN,NaN,NaN,-18.00312,8.2799997,582.4386,699.61755,8.285514702,8.507419758,414.32019,NaN,911.99799,7.950956348
1990,4,NaN,NaN,NaN,NaN,NaN,NaN,NaN,NaN,NaN,NaN,-19.19552,8.2600002,582.43176,701.73389,8.335718413,8.686672082,414.70752,NaN,911.8808,8.136328768
1990,5,NaN,NaN,NaN,NaN,NaN,NaN,NaN,NaN,NaN,NaN,-20.87648,8.1800003,585.88385,701.24615,8.269845742,8.678405783,415.01794,NaN,912.11023,7.772789909
1990,6,NaN,NaN,NaN,NaN,NaN,NaN,NaN,NaN,NaN,NaN,-20.118969,8.29,588.71014,700.96448,8.026372159,8.433339323,415.37851,NaN,911.62988,7.668509364
1990,7,NaN,NaN,NaN,NaN,NaN,NaN,NaN,NaN,NaN,NaN,-23.231756,8.1499996,588.61273,702.10999,7.895724507,8.448348985,415.52991,NaN,912.36194,7.530426219
1990,8,NaN,NaN,NaN,NaN,NaN,NaN,NaN,NaN,NaN,NaN,-27.464239,8.1300001,580.06903,689.88232,7.762731881,8.753469253,415.91077,NaN,911.62335,7.554749018
1990,9,NaN,NaN,NaN,NaN,NaN,NaN,NaN,NaN,NaN,NaN,-27.249451,8.1999998,575.47339,681.59125,7.785747914,8.940662283,416.22632,NaN,911.84387,7.510451732
1990,10,NaN,NaN,NaN,NaN,NaN,NaN,NaN,NaN,NaN,NaN,-30.17239,8.1099997,572.70703,679.38043,7.603112331,8.749444144,416.48279,NaN,911.03723,7.338989995
1990,11,NaN,NaN,NaN,NaN,NaN,NaN,NaN,NaN,NaN,NaN,-32.274513,7.8099999,575.35309,677.34949,7.335284915,8.416380952,416.59338,NaN,911.35315,7.190736581
1990,12,NaN,NaN,NaN,NaN,NaN,NaN,NaN,NaN,NaN,NaN,-31.269693,7.3099999,579.52948,678.90741,7.10135333,8.133406886,416.82199,NaN,910.5257,6.757633871
1991,1,NaN,NaN,NaN,NaN,NaN,NaN,NaN,NaN,NaN,NaN,-30.555405,6.9099998,578.48657,674.51715,6.77679788,8.210087149,417.36865,NaN,910.43799,6.389955334
1991,2,NaN,NaN,NaN,NaN,NaN,NaN,NaN,NaN,NaN,NaN,-32.494293,6.25,589.3114,682.94128,6.421528987,7.994452017,417.63516,NaN,910.71826,6.103595166
1991,3,NaN,NaN,NaN,NaN,NaN,NaN,NaN,NaN,NaN,NaN,-24.669043,6.1199999,591.99957,688.10925,6.53084476,8.226735598,417.81149,NaN,910.13672,5.759428578
1991,4,NaN,NaN,NaN,NaN,NaN,NaN,NaN,NaN,NaN,NaN,-19.08713,5.9099998,593.92596,690.86481,6.353948008,8.181683161,418.01627,NaN,911.54413,5.560572749
1991,5,NaN,NaN,NaN,NaN,NaN,NaN,NaN,NaN,NaN,NaN,-18.161011,5.7800002,593.47534,692.61011,6.198022773,8.26104866,418.38437,NaN,910.73712,5.542755888
1991,6,NaN,NaN,NaN,NaN,NaN,NaN,NaN,NaN,NaN,NaN,-14.08333,5.9000001,593.56024,694.18103,6.421051722,8.440390319,418.6124,NaN,911.20996,5.529204234
1991,7,NaN,NaN,NaN,NaN,NaN,NaN,NaN,NaN,NaN,NaN,-13.860826,5.8200002,593.99481,690.71924,6.324688157,8.391565811,418.84906,NaN,911.43494,5.454525394
1991,8,NaN,NaN,NaN,NaN,NaN,NaN,NaN,NaN,NaN,NaN,-16.232199,5.6599998,596.45575,690.91614,5.869155803,8.114721904,419.10153,NaN,911.39117,5.208548947
1991,9,NaN,NaN,NaN,NaN,NaN,NaN,NaN,NaN,NaN,NaN,-18.872812,5.4499998,595.99518,691.91705,5.661526508,7.881275584,419.39346,NaN,912.23151,5.0170615
1991,10,NaN,NaN,NaN,NaN,NaN,NaN,NaN,NaN,NaN,NaN,-19.173542,5.21,595.80676,690.62244,5.407573173,7.759360586,419.55621,NaN,911.84796,4.796980944
1991,11,NaN,NaN,NaN,NaN,NaN,NaN,NaN,NaN,NaN,NaN,-22.938074,4.8099999,595.42847,690.79633,5.035816233,7.752613873,419.71008,NaN,912.08179,4.407385474
1991,12,NaN,NaN,NaN,NaN,NaN,NaN,NaN,NaN,NaN,NaN,-26.249556,4.4299998,596.18488,688.43927,4.516479328,7.502236892,419.85678,NaN,912.07086,3.748037482
1992,1,NaN,NaN,NaN,NaN,NaN,NaN,NaN,NaN,NaN,NaN,-25.791233,4.0300002,603.08624,694.11151,4.323627022,7.475896183,419.90283,NaN,912.50079,3.596534932
1992,2,NaN,NaN,NaN,NaN,NaN,NaN,NaN,NaN,NaN,NaN,-23.32291,4.0599999,602.23712,696.63159,4.451847706,7.697002877,420.06705,NaN,913.26801,3.533620335
1992,3,NaN,NaN,NaN,NaN,NaN,NaN,NaN,NaN,NaN,NaN,-20.735237,3.98,600.97064,697.62579,4.833624946,7.76165121,420.26852,NaN,913.91949,3.529291962
1992,4,NaN,NaN,NaN,NaN,NaN,NaN,NaN,NaN,NaN,NaN,-21.702448,3.73,601.06909,697.68317,4.468063913,7.762247187,420.53287,NaN,914.05072,3.266772467
1992,5,NaN,NaN,NaN,NaN,NaN,NaN,NaN,NaN,NaN,NaN,-23.743855,3.8199999,602.77509,699.63953,4.315749066,7.687730421,420.67789,NaN,913.73193,3.287771978
1992,6,NaN,NaN,NaN,NaN,NaN,NaN,NaN,NaN,NaN,NaN,-26.473104,3.76,601.18982,698.16382,4.280720413,7.596401017,420.82175,NaN,915.18683,3.419798604
1992,7,NaN,NaN,NaN,NaN,NaN,NaN,NaN,NaN,NaN,NaN,-31.521631,3.25,602.80334,692.98578,3.714122289,7.33453679,421.02914,NaN,915.32892,3.1008882
1992,8,NaN,NaN,NaN,NaN,NaN,NaN,NaN,NaN,NaN,NaN,-33.765533,3.3,603.5285,686.96179,3.581680985,7.106416763,421.14792,NaN,915.18182,3.081457066
1992,9,NaN,NaN,NaN,NaN,NaN,NaN,NaN,NaN,NaN,NaN,-32.631821,3.22,603.64758,689.13971,3.311577253,7.012743788,421.32025,NaN,915.48468,2.849500752
1992,10,NaN,NaN,NaN,NaN,NaN,NaN,NaN,NaN,NaN,NaN,-28.11717,3.0999999,602.21863,686.89203,3.460908209,7.132217434,421.64798,NaN,916.00079,2.948399432
1992,11,NaN,NaN,NaN,NaN,NaN,NaN,NaN,NaN,NaN,NaN,-21.414993,3.0899999,604.76862,690.5351,3.837941558,7.263862807,421.86035,NaN,916.32391,2.983053172
1992,12,NaN,NaN,NaN,NaN,NaN,NaN,NaN,NaN,NaN,NaN,-21.419283,2.9200001,607.67859,691.6601,3.89825443,7.145942995,422.04276,NaN,916.74036,2.757577133
1993,1,NaN,NaN,NaN,NaN,NaN,NaN,NaN,NaN,NaN,NaN,-19.232691,3.02,607.58441,694.2984,3.653276592,7.011275936,422.25375,NaN,916.33936,2.815827053
1993,2,NaN,NaN,NaN,NaN,NaN,NaN,NaN,NaN,NaN,NaN,-16.743511,3.03,609.08795,700.06549,3.489322835,6.682424618,422.40036,NaN,916.74072,2.870448203
1993,3,NaN,NaN,NaN,NaN,NaN,NaN,NaN,NaN,NaN,NaN,-16.4403,3.0699999,610.9566,703.54633,3.420916874,6.447566423,422.57541,NaN,916.45154,2.925477767
1993,4,NaN,NaN,NaN,NaN,NaN,NaN,NaN,NaN,NaN,NaN,-19.966694,2.96,609.35583,702.77673,3.31781484,6.430863898,422.78329,NaN,916.75995,2.912260328
1993,5,NaN,NaN,NaN,NaN,NaN,NaN,NaN,NaN,NaN,NaN,-19.650278,3,609.91095,701.27765,3.411232783,6.431537932,423.05005,NaN,917.23468,3.101410992
1993,6,NaN,NaN,NaN,NaN,NaN,NaN,NaN,NaN,NaN,NaN,-16.944504,3.04,610.48987,703.51074,3.625050038,6.249288251,423.17532,NaN,917.2735,3.136629327
1993,7,NaN,NaN,NaN,NaN,NaN,NaN,NaN,NaN,NaN,NaN,-12.963938,3.0599999,610.30396,707.74719,3.56608658,6.065484075,423.41046,NaN,916.96259,3.081037589
1993,8,NaN,NaN,NaN,NaN,NaN,NaN,NaN,NaN,NaN,NaN,-12.505985,3.03,611.8313,715.19763,3.511126438,5.973754766,423.62051,NaN,917.48169,3.086179623
1993,9,NaN,NaN,NaN,NaN,NaN,NaN,NaN,NaN,NaN,NaN,-16.464867,3.0899999,612.97534,715.42236,3.416898039,5.654529488,423.75525,NaN,918.31024,3.037644636
1993,10,NaN,NaN,NaN,NaN,NaN,NaN,NaN,NaN,NaN,NaN,-15.167129,2.99,613.96454,719.50696,3.444231261,5.60535553,423.98981,NaN,918.01959,3.111371451
1993,11,NaN,NaN,NaN,NaN,NaN,NaN,NaN,NaN,NaN,NaN,-12.118095,3.02,613.74152,719.32794,3.629997818,5.979123514,424.16742,NaN,919.29803,3.134685185
1993,12,NaN,NaN,NaN,NaN,NaN,NaN,NaN,NaN,NaN,NaN,-12.118628,2.96,614.41827,723.95355,3.659045161,6.003766098,424.26315,NaN,919.57733,3.127446109
1994,1,NaN,NaN,424.4343779,NaN,NaN,NaN,NaN,NaN,NaN,NaN,-10.808445,3.05,615.90405,726.06171,3.585670689,5.97061535,424.38818,NaN,919.63727,3.045331511
1994,2,NaN,NaN,425.3340627,NaN,NaN,NaN,NaN,NaN,NaN,NaN,-11.115029,3.25,615.56207,726.11322,3.912882273,6.200584058,424.61453,NaN,920.07294,3.428679231
1994,3,NaN,NaN,427.9301532,NaN,NaN,NaN,NaN,NaN,NaN,NaN,-13.266911,3.3399999,613.93518,723.48645,4.399265151,6.700349482,424.84491,NaN,920.17352,3.687515933
1994,4,NaN,NaN,429.4151248,NaN,NaN,NaN,NaN,NaN,NaN,NaN,-13.031895,3.5599999,610.33783,725.05359,4.840302147,7.151301355,424.95303,NaN,920.59888,4.065858095
1994,5,NaN,NaN,431.5886832,NaN,NaN,NaN,NaN,NaN,NaN,NaN,-15.219217,4.0100002,611.18164,725.37823,5.286724709,7.298054877,425.07666,NaN,921.91803,4.431783116
1994,6,NaN,NaN,433.0601753,NaN,NaN,NaN,NaN,NaN,NaN,NaN,-16.8312,4.25,611.98242,718.88104,5.235129312,7.213673961,425.2634,NaN,921.44379,4.683781226
1994,7,NaN,NaN,435.1180755,NaN,NaN,NaN,NaN,NaN,NaN,NaN,-20.034403,4.2600002,611.17682,719.12134,5.449850933,7.411402841,425.4931,NaN,921.62604,4.701363877
1994,8,NaN,NaN,435.4783898,NaN,NaN,NaN,NaN,NaN,NaN,NaN,-20.140053,4.4699998,614.03308,722.55963,5.520393826,7.329268638,425.68848,NaN,922.2337,4.742931629
1994,9,NaN,NaN,436.0164388,NaN,NaN,NaN,NaN,NaN,NaN,NaN,-21.133606,4.73,614.65717,720.15997,5.700228635,7.556868228,425.83023,NaN,921.76056,5.076840641
1994,10,NaN,NaN,437.626004,NaN,NaN,NaN,NaN,NaN,NaN,NaN,-23.172464,4.7600002,613.94019,717.07062,6.050913784,7.792343884,426.02841,NaN,922.72717,5.272494696
1994,11,NaN,NaN,436.8941395,NaN,NaN,NaN,NaN,NaN,NaN,NaN,-21.799034,5.29,613.22552,718.61066,6.469107174,7.944721146,426.23837,NaN,922.74921,5.966025823
1994,12,NaN,NaN,436.1313593,NaN,NaN,NaN,NaN,NaN,NaN,NaN,-19.542578,5.4499998,612.11426,718.46533,7.143704762,7.764814286,426.36777,NaN,923.52948,7.116965918
1995,1,NaN,NaN,438.1901627,NaN,NaN,NaN,433.70706,5.34,1440.6361,NaN,-21.571846,5.5300002,614.1955,717.53674,7.01295,7.76524,426.58191,6.51,923.74414,6.318976123
1995,2,NaN,NaN,439.5436322,NaN,NaN,NaN,433.86301,5.34,1444.9677,NaN,-22.999075,5.9200001,617.7757,719.20251,6.624866667,7.4659,426.75708,6.22,922.82721,5.990823707
1995,3,NaN,NaN,442.208834,NaN,NaN,NaN,434.00882,4.93,1441.463,NaN,-27.533199,5.98,620.07001,716.6507,6.392188715,7.255201143,426.9137,5.95,923.32312,5.999391873
1995,4,NaN,NaN,442.7119496,NaN,NaN,NaN,434.1658,4.48,1442.103,NaN,-29.370966,6.0500002,623.03857,718.84473,6.22160557,7.1188459,427.09573,5.89,923.22168,5.927355612
1995,5,NaN,NaN,441.8599615,NaN,NaN,NaN,434.44458,4.13,1442.473,NaN,-27.868708,6.0100002,626.10669,722.90906,5.948703848,6.682366348,427.23444,5.76,923.3634,5.79438635
1995,6,NaN,NaN,442.3048609,NaN,NaN,NaN,434.91916,4.36,1444.4899,NaN,-28.623495,6,629.02863,723.23608,5.628949069,6.267509519,427.36356,5.45,924.03503,5.67747201
1995,7,NaN,NaN,443.5448911,NaN,NaN,NaN,435.51154,4.2,1442.1719,NaN,-29.624453,5.8499999,632.22729,725.86896,5.634883546,6.377369631,427.53592,5.49,923.84393,5.539711656
1995,8,NaN,NaN,442.5804257,NaN,NaN,NaN,435.98633,3.96,1443.7504,NaN,-26.54958,5.7399998,632.6319,727.82916,5.741557919,6.580788169,427.75592,5.6,924.1983,5.492497886
1995,9,NaN,NaN,442.4966385,NaN,NaN,NaN,436.28152,3.69,1443.8661,NaN,-25.361382,5.8000002,635.95703,727.64203,5.624281633,6.306966291,427.87393,5.42,924.9834,5.541904511
1995,10,NaN,NaN,444.3004135,NaN,NaN,NaN,436.40274,3.56,1442.6337,NaN,-27.924858,5.7600002,636.80078,724.69312,5.582151815,6.110824649,428.10324,5.43,924.86694,5.49329901
1995,11,NaN,NaN,444.9685283,NaN,NaN,NaN,436.56686,3.26,1443.7565,NaN,-28.049355,5.8000002,638.95972,726.74152,5.418760932,6.002353975,428.16312,5.33,924.81183,5.421266203
1995,12,NaN,NaN,444.4062026,NaN,NaN,NaN,436.72308,3.15,1444.4498,NaN,-26.566038,5.5999999,642.08789,730.32318,5.288247415,5.801768292,428.34131,5.18,925.31519,5.332461345
1996,1,NaN,NaN,444.453184,NaN,NaN,NaN,436.98145,2.84,1443.25,NaN,-25.597553,5.5599999,642.05383,735.12628,5.064963046,5.763045161,428.53391,4.99,925.57874,5.025643757
1996,2,NaN,NaN,444.6643278,NaN,NaN,NaN,437.18851,3,1443.5133,NaN,-25.353168,5.2199998,647.60687,736.99347,4.920269472,5.942092805,428.6611,4.78,925.55737,5.047413682
1996,3,NaN,NaN,444.41795,NaN,NaN,NaN,437.42245,2.87,1444.4266,NaN,-24.7901,5.3099999,647.24078,737.39667,5.370957358,6.405530197,428.85458,5.17,925.87561,5.151580361
1996,4,NaN,NaN,443.7816056,NaN,NaN,NaN,437.64017,2.74,1443.9364,NaN,-23.4172,5.2199998,647.31586,740.57092,5.565533559,6.649574341,429.02313,5.37,927.34253,5.187791645
1996,5,NaN,NaN,443.1054866,NaN,NaN,NaN,437.83679,2.84,1444.5507,NaN,-22.047117,5.2399998,649.50323,742.19073,5.652608653,6.817793365,429.12781,5.44,926.97229,5.151295131
1996,6,NaN,NaN,443.7579594,NaN,NaN,NaN,438.00357,3.08,1444.6064,NaN,-22.54711,5.27,650.50153,741.88922,5.824010807,6.948157326,429.13956,5.62,927.61011,5.264909489
1996,7,NaN,NaN,445.0035689,NaN,NaN,NaN,438.15915,3.02,1444.3209,NaN,-23.945879,5.4000001,646.94214,738.60474,5.860400135,6.869357464,429.30246,5.62,928.00098,5.385405617
1996,8,NaN,NaN,445.8408805,NaN,NaN,NaN,438.23212,2.84,1444.9299,NaN,-24.939005,5.2199998,649.62714,739.02887,5.640572312,6.641782202,429.38596,5.44,928.0932,5.279061333
1996,9,NaN,NaN,445.3067408,NaN,NaN,NaN,438.21671,2.64,1445.9252,NaN,-23.825691,5.3000002,651.27228,740.50079,5.830352926,6.87127253,429.58102,5.62,928.37109,5.293657602
1996,10,NaN,NaN,444.8633328,NaN,NaN,NaN,438.09354,2.67,1445.0247,NaN,-22.983303,5.2399998,655.31287,744.6579,5.580704787,6.577596321,429.78326,5.35,929.49396,5.21158787
1996,11,NaN,NaN,445.7250056,NaN,NaN,NaN,437.94974,2.66,1445.4949,NaN,-24.441881,5.3099999,660.18103,747.33667,5.450305973,6.252404792,429.95493,5.21,929.37268,5.19788132
1996,12,NaN,3.1300001,444.8165437,NaN,NaN,NaN,437.81357,2.67,1445.9327,NaN,-22.333595,5.29,661.09412,750.3891,5.502248372,6.329903446,430.13406,5.29,928.59692,5.22491331
1997,1,NaN,3.0327272,443.5685878,NaN,NaN,NaN,437.67493,2.55,1445.1284,NaN,-19.553938,5.25,664.1308,756.80096,5.64781383,6.58692715,430.37036,5.47,929.28375,5.225783096
1997,2,NaN,2.9510527,441.8840608,NaN,NaN,NaN,437.55447,2.67,1445.9192,NaN,-15.333013,5.1900001,668.31213,763.56079,5.55064407,6.448303457,430.59351,5.32,929.89532,5.274409192
1997,3,NaN,2.6975,441.376752,NaN,NaN,NaN,437.49762,2.9,1445.9221,NaN,-13.953143,5.3899999,667.35278,766.04315,5.82346149,6.741185643,430.68613,5.63,929.83582,5.491629839
1997,4,NaN,2.8931818,441.2434591,NaN,NaN,NaN,437.46365,2.74,1446.8724,NaN,-13.536219,5.5100002,663.83063,764.79114,6.011935048,6.922367591,430.71014,5.84,931.1781,5.458331771
1997,5,NaN,2.7276192,441.1828126,NaN,NaN,NaN,437.46841,2.78,1446.7328,NaN,-13.916402,5.5,672.57813,771.4848,5.874957697,6.738090753,430.69867,5.67,930.90308,5.354305512
1997,6,NaN,2.6171429,440.1216329,NaN,NaN,NaN,437.41742,2.67,1447.3754,NaN,-12.805923,5.5599999,677.5448,776.20062,5.735479639,6.547000765,430.85303,5.51,931.79108,5.324700415
1997,7,NaN,2.7218182,438.2401564,NaN,NaN,NaN,437.33682,2.9,1447.5182,NaN,-9.9607821,5.52,682.95764,785.04486,5.624630967,6.275628019,431.01898,5.42,932.26978,5.347401142
1997,8,NaN,2.5414286,437.4498368,NaN,5.9211764,3.5317647,437.41547,3.15,1447.4689,NaN,-7.0120726,5.54,683.25751,784.914,5.681632121,6.379295097,431.1633,5.53,932.29004,5.401154316
1997,9,NaN,2.5947618,440.1584134,NaN,5.8104544,3.6045454,437.59705,3.24,1448.2115,NaN,-9.5170345,5.54,684.07678,782.82721,5.634052694,6.306623076,431.37357,5.47,932.95087,5.529254713
1997,10,NaN,2.6056521,441.9803999,NaN,5.7672729,3.9486363,437.88791,3.65,1448.3398,NaN,-11.35603,5.5,685.72943,782.73145,5.583343091,6.134130803,431.47836,5.41,933.33002,5.379100416
1997,11,NaN,2.8575001,443.9351701,NaN,5.7585001,4.0244999,438.01318,3.66,1448.5214,NaN,-13.043687,5.52,684.52899,776.95789,5.59691869,5.942269251,431.5159,5.42,933.07349,5.458878691
1997,12,6.27,2.8881819,444.6057214,NaN,5.5131578,3.96,437.95593,3.6,1449.4496,NaN,-10.577522,5.5,686.92834,781.43311,5.628091455,5.842997486,431.54776,5.51,933.59973,5.423305039
1998,1,6.0633335,3.0242858,445.0269225,NaN,5.2842855,3.7276192,437.70074,3.39,1448.678,NaN,-8.4055119,5.5599999,687.02332,785.32074,5.335761987,5.625618387,431.63541,5.27,933.29596,5.359936149
1998,2,5.7024999,2.9260001,444.1827388,NaN,5.1545,3.6405001,437.64218,3.37,1449.3064,NaN,-8.4737902,5.5100002,693.09473,792.35278,5.389276583,5.693057288,431.64853,5.26,934.60449,5.408325808
1998,3,5.6077271,2.8336363,443.5922789,NaN,5.0636363,3.7095456,437.76129,3.49,1450.4431,NaN,-8.0954638,5.4899998,698.15784,801.54968,5.4763797,5.757482798,431.69388,5.38,934.95172,5.366703993
1998,4,5.3976192,2.8457143,444.100284,NaN,5.0560002,3.849,438.1058,3.66,1448.7985,NaN,-8.7097187,5.4499998,701.39734,808.08923,5.467409223,5.74812133,431.79645,5.37,934.82867,5.331435162
1998,5,5.4433331,2.9933333,446.3721822,NaN,5.1394739,3.8626316,438.35812,3.52,1454.4695,NaN,-10.349,5.4899998,701.07397,810.65381,5.497660007,5.770689111,431.93359,5.4,934.8512,5.412042635
1998,6,5.5459089,3.2422729,447.1295877,NaN,4.9534998,3.7825,438.5184,3.5,1446.1643,NaN,-9.6569252,5.5599999,701.05408,811.81696,5.475951754,5.606222318,431.95709,5.37,935.80151,5.294165049
1998,7,5.9508696,3.336087,447.0838473,NaN,4.8721738,3.7347827,438.59665,3.45,1450.2303,NaN,-9.2998438,5.54,705.27148,817.51453,5.397423835,5.555810404,432.2164,5.38,935.73328,5.231623202
1998,8,6.4690475,3.9580953,448.4696033,NaN,4.6257143,3.612381,438.79883,3.17,1449.3402,NaN,-9.6713495,5.5500002,697.92548,808.80719,5.256088931,5.417661016,432.37561,5.24,936.06226,5.129850371
1998,9,8.9768181,5.6054544,452.5260803,NaN,4.3090911,3.4622726,439.08109,3.15,1451.5812,NaN,-14.324231,5.5100002,692.57666,796.51733,4.851966418,4.998658285,432.38,4.78,937.25299,4.847670917
1998,10,9.8149996,6.4281816,453.7212493,NaN,4.3236365,3.3731818,439.50037,3.1,1449.6792,NaN,-17.707266,5.0700002,693.88324,789.97125,4.328093702,4.847844126,432.52725,4.17,937.69812,4.733588585
1998,11,8.1414289,5.7038097,451.8958489,NaN,4.3342857,3.3980954,439.74588,3.04,1451.1614,NaN,-15.218273,4.8299999,704.41559,801.96692,4.655839281,5.074754609,432.57022,4.47,938.17822,4.735287441
1998,12,7.6659093,5.5450001,452.6235198,NaN,4.0830002,3.1255,439.82803,2.82,1451.2086,NaN,-15.880267,4.6799998,708.1463,805.44287,4.617515838,4.934795386,432.70322,4.42,937.83777,4.693058144
1999,1,7.3835001,5.546,452.330916,464.99823,3.9100001,2.9105,439.76984,2.54,1450.8535,3.137,-14.905163,4.6300001,712.95953,816.37469,4.644622202,5.074780739,432.91782,4.44,938.18268,4.758663892
1999,2,7.5275002,5.3154998,450.8659286,465.73508,4.0475001,2.9260001,439.78448,2.67,1451.4546,3.118,-11.394857,4.7600002,712.74097,814.6145,4.805626553,5.337962498,432.96631,4.65,938.69556,4.846954577
1999,3,7.347826,5.235652,449.4573765,466.49191,4.2569566,2.963913,439.8894,2.51,1452.3947,2.925217391,-8.4586201,4.8099999,715.57135,816.72577,4.903232249,5.576027532,433.04202,4.78,939.46313,4.729021026
1999,4,6.9909091,5.0354548,448.16457,465.36121,4.0774999,2.6589999,440.09155,2.15,1451.8381,2.709090909,-6.8037763,4.7399998,719.49646,821.10278,4.808044641,5.496256798,433.32172,4.61,939.24603,4.74413017
1999,5,6.8299999,4.7019048,447.5516978,464.97452,4.2489471,2.6221051,440.18695,2.2,1452.0226,2.550952381,-6.0877314,4.7399998,719.32471,820.74731,4.994379495,5.813206348,433.34344,4.84,939.53113,4.741674085
1999,6,6.6059089,4.6722727,445.6670178,465.18246,4.6114287,2.7895238,440.2702,2.47,1452.5833,2.563181818,-3.7044713,4.7600002,718.71881,822.9198,5.282749062,6.156320486,433.34723,5.16,939.48297,4.926389087
1999,7,5.9613638,4.804091,445.597388,465.31296,4.9031816,2.939091,440.3414,2.6,1453.1949,2.520909091,-3.4479051,4.9899998,723.07501,825.4314,5.247086576,6.082001776,433.50485,5.07,940.41907,4.934898554
1999,8,6.4277272,4.8190908,447.0724089,464.73819,5.0972729,3.1045454,440.43231,2.67,1453.504,2.442727273,-5.8551521,5.0700002,719.08722,821.33008,5.399227443,6.263761401,433.63373,5.23,940.39111,5.185065368
1999,9,6.2845454,5.0427275,445.9681879,463.74146,5.2736363,3.1527274,440.5094,2.76,1453.0482,2.433636364,-4.8810048,5.2199998,718.51117,823.54175,5.431649721,6.297147367,433.90036,5.22,941.06592,5.172663769
1999,10,6.0214286,4.9957142,447.2552661,463.69061,5.498095,3.5204761,440.57626,3.16,1454.7594,2.501904762,-6.8203559,5.1999998,716.9881,822.73517,5.585341931,6.494520807,434.07422,5.37,941.66364,5.314920684
1999,11,5.9686365,5.0799999,444.7814375,463.17444,5.2109089,3.5745454,440.65213,3.25,1454.2635,2.935454545,-3.31797,5.4200001,723.84692,833.26672,5.64762699,6.310267314,434.18796,5.44,942.34125,5.589182061
1999,12,5.505652,4.773478,442.8194316,462.79437,5.2838097,3.7276192,440.78726,3.43,1454.6606,3.041818182,-1.0935603,5.3000002,726.52838,842.79736,5.89660074,6.538049368,434.38333,5.75,942.82166,5.826367953
2000,1,5.3633332,4.7842855,442.9387206,462.53979,5.6733332,3.8480952,440.92389,3.54,1455.2712,3.042857143,-1.3479526,5.4499998,726.34534,845.82544,6.146298091,6.767735984,434.59192,6.02,941.96948,5.851752036
2000,2,5.2919049,4.9023809,441.4372811,463.40753,5.6242857,4.0204763,441.02533,3.71,1455.9009,3.275714286,1.6768765,5.73,723.45178,853.47919,6.297824474,6.596823257,434.85968,6.28,942.49249,5.849661457
2000,3,5.4099998,5.3686957,439.8023008,463.01553,5.4321737,4.1560869,441.16196,3.83,1455.7936,3.510434783,3.6324251,5.8499999,727.30627,857.85138,6.318598577,6.395448655,435.2294,6.37,943.09937,6.063026298
2000,4,6.0173683,5.8447371,438.3650316,463.30283,5.3366666,4.2188888,441.2287,4.07,1456.4362,3.685,5.4667673,6.02,728.58301,854.71216,6.277444796,6.157953294,435.30356,6.37,944.25189,6.162800907
2000,5,6.6926088,5.8978262,436.500763,465.16632,5.5081816,4.7090907,441.36536,4.49,1456.5095,3.92,9.884737,6.27,725.59137,855.00366,6.692184593,6.547722433,435.45361,6.78,944.23676,6.623019905
2000,6,6.9731817,6.1359091,440.0480313,464.95001,5.3145456,4.8190908,441.60849,4.63,1456.7025,4.294545455,5.2211156,6.5300002,728.74957,857.06409,6.477692173,6.220471901,435.73398,6.5,944.57098,6.460700694
2000,7,7.2623811,6.1233335,439.4202211,464.85754,5.3885713,4.9642859,441.84286,4.77,1456.8094,4.308571429,6.2301159,6.54,729.48193,856.16437,6.368311688,6.135220026,435.92831,6.44,943.97125,6.40821255
2000,8,7.6621737,6.3613043,436.6405254,464.90683,5.3065219,5.1173911,442.02362,5.04,1457.059,4.419130435,10.090691,6.5,730.33618,854.70752,6.331840745,5.95592062,435.97119,6.44,944.84174,6.389244609
2000,9,7.8680954,6.4385715,434.5881188,465.53519,5.3314285,5.0685716,442.1467,4.87,1457.3367,4.59047619,13.696794,6.52,729.32092,854.29791,6.200956319,5.985937868,436.29916,6.37,944.54517,6.520552315
2000,10,9.4463634,7.2922726,433.4541868,466.88171,5.2861905,5.0752382,442.07437,4.96,1457.5094,4.762727273,15.666292,6.5100002,723.69281,849.53735,6.171499139,5.888724697,436.45334,6.25,945.17993,6.646752099
2000,11,10.488182,8.0881815,434.2375829,467.93732,5.25,5.0549998,442.20239,4.78,1458.1042,4.829090909,15.508883,6.5100002,722.41064,850.95026,6.137963858,5.826641214,436.59454,6.27,945.2179,6.43569011
2000,12,11.4655,9.0065002,437.7390906,467.87912,4.9978948,4.7805262,442.4574,4.46,1458.2654,4.826842105,10.856905,6.4000001,719.33636,847.63422,5.665045117,5.412900542,436.73233,5.75,944.75854,5.988954305
2001,1,10.308182,8.4631815,441.7393779,468.6402,4.8968182,4.4731817,442.7764,4.34,1459.2,4.755909091,6.3781385,5.98,719.63873,846.11469,4.961435891,5.37962533,437.06781,5.08,945.02423,5.042857607
2001,2,9.6595001,7.6075001,440.8911963,468.95569,4.8745003,4.5165,443.1037,4.35,1458.361,4.9925,8.1608496,5.4899998,717.38995,841.7041,4.756465787,5.350810813,437.2247,4.75,944.70691,4.761966604
2001,3,10.983182,7.903182,441.1828126,470.6185,4.7786365,4.3936362,443.36407,4.1,1458.8489,4.781363636,9.5040712,5.3099999,707.74713,834.21661,4.383390373,5.195505354,437.31616,4.31,944.60852,4.295160606
2001,4,11.940001,8.5030003,440.6841191,471.02371,4.9699998,4.4294739,443.5759,4.4,1458.1395,5.064210526,11.434012,4.8000002,708.05139,836.69189,4.089875849,5.440801436,437.53714,3.94,945.36377,3.828809841
2001,5,10.263913,7.6886954,438.7138547,470.35715,5.2081819,4.4740911,443.82037,4.18,1459.0493,4.653636364,13.460937,4.21,714.72058,840.76862,3.940083179,5.646620795,437.8212,3.71,945.85687,3.227612753
2001,6,11.191428,8.0519047,437.2607413,470.51367,5.1885715,4.2776189,443.98361,3.99,1459.3906,4.53952381,15.882221,3.97,712.16437,836.35608,3.752456725,5.559621993,438.05817,3.47,945.11145,3.272158314
2001,7,12.144091,8.2600002,438.477286,471.13437,5.2040911,4.2704544,444.17313,3.96,1458.5594,4.505454545,15.016578,3.77,709.48114,830.30902,3.678227642,5.496734588,438.168,3.41,944.90649,3.045688102
2001,8,12.235652,8.0530434,441.6186486,470.28732,5.0278263,4.070435,444.36816,3.82,1459.3875,4.491304348,10.496222,3.6500001,707.17975,826.4411,3.437116119,5.302608617,438.28043,3.13,945.91876,2.832883985
2001,9,13.936471,9.1876469,442.5445255,470.96136,5.0500002,3.7079999,444.60635,3.17,1458.9415,3.9865,9.3207779,3.0699999,696.36035,809.22119,2.793841176,5.154558824,438.17392,2.57,944.41425,2.172959627
2001,10,15.371305,9.7965221,442.6402307,471.59079,4.827826,3.3182609,444.86923,2.9,1458.8748,3.971304348,9.8924942,2.49,698.14343,814.30151,2.295304545,4.973677273,438.49078,1.82,944.92065,1.574752388
2001,11,13.741364,8.7940912,440.9155302,471.69006,4.6840911,3.1531818,445.07965,3.06,1459.3521,3.507272727,11.848834,2.0899999,702.98401,820.89612,2.173005,5.053865,438.54504,1.67,944.82898,1.133218821
2001,12,14.1255,8.2945004,441.4372811,471.78793,4.9176469,3.2811763,445.30649,3.15,1459.1654,3.338888889,11.390228,1.8200001,704.30334,821.78821,2.17788,5.526835,438.57559,1.76,946.56586,0.674666983
2002,1,12.057727,8.1540909,440.9398581,473.07977,5.005909,3.4568181,445.63995,3.34,1459.1372,3.293636364,12.421265,1.73,703.83386,821.18201,2.102952381,5.445509524,438.72305,1.59,946.63086,0.953370119
2002,2,12.5065,8.1029997,440.1584134,473.39386,5.0695,3.5664999,445.79428,3.34,1459.6257,3.283,13.923345,1.74,700.37665,817.10327,2.178826316,5.356021053,438.86353,1.63,945.9967,0.967124991
2002,3,11.7935,7.3410001,440.329877,472.83057,5.303,3.7739999,445.91449,3.61,1459.2286,3.264,13.26358,1.73,705.0498,822.73663,2.59315,5.706505,439.01062,1.99,946.52252,1.397097004
2002,4,11.159546,7.159091,440.6719247,472.69012,5.2985716,3.7971427,445.98715,3.46,1459.9524,3.316190476,12.125552,1.75,701.37726,820.30536,2.455736364,5.595672727,439.19113,1.91,946.82294,0.932365917
2002,5,11.436522,7.0265217,442.9506417,472.00833,5.3227272,3.8927274,446.10953,3.61,1459.8616,3.31,8.6706839,1.75,698.41254,816.04816,2.339222727,5.517059091,439.19644,1.77,946.96082,1.121632831
2002,6,10.4865,7.9369998,445.8871928,471.64371,5.164,3.8,446.29306,3.42,1459.6086,3.3485,4.5771446,1.75,692.14624,805.2251,2.1567,5.28404,439.28564,1.55,947.23566,1.02043058
2002,7,11.58913,9.3604345,448.0513581,470.82559,5.0152173,3.5782609,446.58853,3.21,1460.1373,3.30173913,0.79194993,1.73,680.71796,793.80176,1.843704545,5.044145455,439.47678,1.25,947.76239,1.146547181
2002,8,12.28,9.7940912,447.5061501,471.92517,4.7459092,3.355,446.83981,3.14,1460.3843,3.292727273,2.2508533,1.74,681.55963,789.9231,1.673886364,4.686963636,439.6796,0.95,947.13336,1.429802234
2002,9,12.330953,9.8495235,447.7677665,472.86154,4.5561905,3.1533334,447.03247,2.83,1460.0564,3.318571429,1.9424347,1.75,676.79883,780.18195,1.69035,4.299335,439.89648,0.95,947.47034,1.585054164
2002,10,13.462608,10.677391,448.2550472,473.78607,4.6552172,3.0434783,447.15173,2.8,1460.5817,3.300434783,1.9083961,1.75,674.95691,777.54456,1.621713636,4.403486364,440.13992,0.95,947.34418,1.443558185
2002,11,10.794762,9.6871424,449.0208168,473.00174,4.6785712,2.9380953,447.26785,2.66,1461.0081,3.304285714,-0.13360102,1.34,681.46661,784.69214,1.471710526,4.475078947,440.27042,0.72,947.638,1.143420559
2002,12,10.305715,8.9628572,450.1253073,472.75967,4.5244446,2.7927778,447.41452,2.36,1459.6602,3.0945,-1.7967193,1.24,680.13519,781.77924,1.383866667,4.46267619,440.33435,0.65,948.04114,1.124579305
2003,1,8.5649996,8.1827269,452.9044796,472.24036,4.3613634,2.6027272,447.65439,2.21,1461.1271,2.786818182,-6.0225792,1.24,679.75421,777.20612,1.30927619,4.457514286,440.45575,0.56,948.09918,1.016596003
2003,2,8.1359997,8.4335003,454.2762726,472.44461,4.1719999,2.4060001,447.84351,1.96,1460.5137,2.7635,-7.4441915,1.26,673.03265,768.25342,1.246131579,4.287052632,440.7171,0.52,948.72046,1.155716796
2003,3,8.4580956,8.0438099,454.9763179,471.89206,4.2295237,2.3509524,448.04349,2.04,1460.0123,2.749047619,-7.7444906,1.25,674.07587,764.20782,1.216861905,4.184290476,440.93643,0.47,947.87659,1.058940857
2003,4,7.0647621,7.0161905,455.1347379,470.98019,4.3845,2.3945,448.1936,2.02,1460.0793,2.5605,-8.1277599,1.26,679.1228,772.86511,1.229733333,4.314042857,440.94781,0.51,948.74841,1.012946033
2003,5,6,6.6318183,458.7311668,468.04047,4.0647621,2.1800001,448.38443,1.71,1460.0548,2.557142857,-14.671706,1.26,684.13568,774.13629,1.143128571,3.877614286,440.96072,0.32,948.79022,1.27863508
2003,6,5.409524,6.3419046,459.1375475,467.57431,3.8880954,1.9571428,448.66098,1.65,1460.2415,2.213333333,-15.3762,1.22,689.55975,780.09314,0.997004762,3.63467619,441.07712,0.19,949.70313,1.100385919
2003,7,5.1799998,5.8569565,457.6667826,468.27603,4.1943479,2.0443478,449.01889,1.77,1460.3386,2.07826087,-12.851243,1.01,689.99323,780.77399,1.093186364,4.296086364,441.27255,0.37,950.22546,0.937336726
2003,8,5.0290475,5.8385715,456.4868889,469.36966,4.3299999,2.2685714,449.23285,1.94,1460.7434,2.098095238,-10.769048,1.03,689.71606,783.34436,1.276709524,4.822285714,441.53012,0.53,950.74152,0.735197156
2003,9,4.3818183,5.3586364,456.4139836,468.2251,4.3968182,2.2268181,449.34842,1.71,1460.9139,2.020909091,-11.504089,1.01,692.64337,784.47699,1.176847619,4.618242857,441.80762,0.39,951.33075,0.855586469
2003,10,4.0586958,4.9208694,458.4559232,466.5206,4.4365215,2.2686956,449.28085,1.98,1461.6271,2.014782609,-15.62958,1.01,694.5719,783.31775,1.216495455,4.616040909,441.93173,0.4,951.71588,0.83359613
2003,11,3.661,4.6244998,458.4967479,466.31332,4.5580001,2.3625,449.28134,2.04,1461.3568,1.973,-15.704845,1,695.68262,787.0141,1.321316667,4.607166667,442.11154,0.53,951.97357,0.874236414
2003,12,3.7463636,4.2800002,461.422903,465.75311,4.5105262,2.3231578,449.37396,1.9,1461.4249,2.056666667,-20.574959,0.98000002,698.51892,790.04785,1.294331818,4.562440909,442.33301,0.54,952.13757,0.740095505
2004,1,3.7009523,3.934762,462.5266888,464.18277,4.380476,2.1409523,449.66605,1.82,1462.0782,2.021428571,-23.211382,1,703.24622,795.24811,1.20561,4.43038,442.64325,0.43,951.71448,0.752991181
2004,2,3.7674999,4.2544999,462.4384405,464.81427,4.3379998,2.0915,449.86993,1.67,1461.7589,2.0315,-23.47389,1.01,704.18073,796.36731,1.200563158,4.364510526,442.87109,0.45,952.70129,0.746520514
2004,3,3.6704347,4.4017391,460.4570006,465.3902,4.1430435,1.9682609,450.073,1.56,1462.0543,2.005652174,-20.38624,1,702.44666,794.72235,1.14323913,4.099969565,443.08807,0.35,953.12769,0.907943658
2004,4,3.3380952,3.9752381,458.8024027,465.87906,4.3264999,2.096,450.26825,1.8,1462.3279,2.078,-18.103701,1,703.28986,795.8894,1.446642857,4.641642857,443.34869,0.71,953.02393,0.869264847
2004,5,3.7066667,4.2509522,459.9152114,467.92712,4.4752383,2.2461905,450.4278,1.89,1462.6942,2.015238095,-18.286758,1,700.62927,791.14154,1.78709,5.01377,443.69061,1.04,953.83826,1.067755461
2004,6,3.5513637,4.0690908,459.9353301,466.92465,4.514091,2.350909,450.577,1.98,1462.4937,2.027727273,-19.375374,1.03,703.25397,793.45068,2.077619048,5.007795238,443.9989,1.27,953.05072,1.324804051
2004,7,3.600909,4.0113635,460.2967762,466.18817,4.4109092,2.3031819,450.71832,1.96,1463.1748,2.067727273,-20.418367,1.26,700.91095,791.20575,2.047838095,4.756819048,444.17841,1.26,954.23029,1.438309423
2004,8,3.5863636,4.0813637,460.1664047,466.19971,4.2545452,2.24,450.8736,1.85,1462.5323,2.040454545,-19.683086,1.4299999,699.28613,788.10339,2.005154545,4.545159091,444.30804,1.26,954.24976,1.626595493
2004,9,3.3004546,3.8736362,460.4770106,465.78909,4.1795454,2.3131819,451.00568,1.93,1462.6295,2.044736,-20.028341,1.61,701.88043,791.88269,2.118728571,4.364938095,444.50531,1.32,954.15625,1.926455934
2004,10,3.2642858,3.7319047,461.5813346,464.40454,4.0561905,2.2657142,451.16254,1.85,1463.3969,2.135764,-22.22086,1.76,701.92847,793.53162,2.21982,4.332665,444.82443,1.49,955.03021,2.080822269
2004,11,3.0245454,3.2895455,462.8984364,461.93207,3.949091,2.2522726,451.29999,1.85,1463.1857,2.168105,-26.162378,1.9299999,706.42572,796.64539,2.518895,4.40411,445.15588,1.83,955.10382,2.353133805
2004,12,2.8722727,3.1031818,464.0151155,461.29993,3.7380953,2.2128572,451.45374,1.94,1463.2148,2.07533,-29.319315,2.1600001,708.9776,798.13678,2.700277273,4.415177273,445.31863,2.06,955.48987,2.534879939
2005,1,2.8933334,3.2042856,462.6148592,461.57715,3.674762,2.2304761,451.57199,1.91,1463.9644,2.028476,-27.144903,2.28,707.45569,799.19257,2.906875,4.36697,445.57153,2.28,956.4433,2.678211706
2005,2,2.5675001,3.0515001,461.6406818,461.67026,3.6599998,2.2344999,451.73865,2.05,1463.2026,1.98746,-26.339212,2.5,708.98285,802.3009,3.078778947,4.2784,445.8927,2.56,956.13409,2.839358161
2005,3,2.645,2.9749999,462.4678652,461.19717,3.8133333,2.27,451.91846,2,1463.0216,2.002897,-27.760931,2.6300001,708.48462,802.8186,3.362472727,4.611222727,446.19885,2.97,956.26587,2.963444046
2005,4,3.5880952,3.7619047,461.6604564,461.89642,3.6147618,2.1838095,452.06616,1.82,1463.5094,2.0535,-25.755957,2.79,705.98865,801.0744,3.370285714,4.445790476,446.46735,2.95,956.42334,3.076763411
2005,5,4.2690911,4.2277274,460.5070181,462.12488,3.4413636,2.1099999,452.19879,1.8,1464.2751,2.085767,-23.845037,3,707.25275,801.40527,3.398638095,4.237038095,446.58826,2.95,956.35602,3.145371872
2005,6,4.0118184,3.9027274,457.7593418,462.30505,3.2809091,2.0131817,452.27151,1.72,1464.5975,2.112224,-19.594517,3.04,709.19342,805.56549,3.458109091,4.0758,446.70239,3.05,957.3324,3.317394599
2005,7,3.5595238,3.5033333,457.8518155,462.60361,3.2904761,2.112381,452.38641,1.84,1464.7462,2.117065,-18.538637,3.26,710.72803,809.15649,3.71276,4.241525,447.03403,3.39,957.51025,3.576478216
2005,8,3.3486958,3.373913,458.3844399,461.45343,3.317826,2.1452174,452.56573,1.84,1464.5663,2.102269,-20.637873,3.5,711.00604,810.26135,3.896817391,4.323382609,447.36481,3.67,958.01385,3.63162502
2005,9,3.380909,3.639091,457.8723536,461.14465,3.1640909,2.129091,452.88531,1.98,1465.1227,1.980076,-20.337061,3.6199999,711.1123,811.71918,3.864766667,4.275738095,448.05936,3.6,957.28979,4.137866949
2005,10,3.2804761,3.5847619,457.3782713,461.96921,3.3271427,2.3019047,453.21609,2.2,1465.1763,2.14702,-18.351591,3.78,708.3302,811.35822,4.194365,4.540715,448.26013,3.94,957.7193,4.200079006
2005,11,3.4181819,3.6213636,456.4868889,462.43719,3.5295455,2.5486364,453.38818,2.37,1465.3827,2.349702,-16.426245,4,712.16632,813.2868,4.37938,4.63858,448.23978,4.16,958.05597,4.325790536
2005,12,3.6099999,3.6519048,456.4764771,461.73111,3.4385715,2.6342857,453.49777,2.47,1465.6313,2.301309,-17.02244,4.1599998,714.07361,817.39911,4.368852381,4.548228571,448.36389,4.18,959.07721,4.362988749
2006,1,3.5580952,3.5457144,457.0578741,460.58655,3.3931818,2.6936364,453.47623,2.62,1466.1832,2.286193,-19.08386,4.29,715.28131,819.60596,4.439765,4.474465,448.80176,4.32,959.11621,4.534623804
2006,2,3.3464999,3.335,456.0695696,460.52017,3.5544999,2.7844999,453.55704,2.66,1466.3721,2.323183,-17.715397,4.4899998,715.23639,822.77557,4.672063158,4.614642105,448.96017,4.65,959.46252,4.604232859
2006,3,3.0952175,3.251739,456.8817357,460.95749,3.7217391,2.9686956,453.71262,2.89,1466.4755,2.518025,-18.396221,4.5900002,716.526,824.66089,4.7586,4.782986957,449.18884,4.81,960.26697,4.765900614
2006,4,2.8636842,3.061579,457.9852378,460.57996,3.998889,3.0855556,454.00235,2.91,1467.2833,2.544534,-20.46069,4.79,717.12708,825.33557,4.894484211,5.040736842,449.57291,4.94,959.65088,4.912221779
2006,5,2.8891304,3.0186956,459.7339607,458.70654,4.0749998,3.1654546,454.24167,2.9,1467.2559,2.74016,-24.446047,4.9400001,716.18958,822.14624,4.965068182,5.156563636,449.82419,5,960.02295,5.065070746
2006,6,3.0409091,3.2809091,460.3268379,459.99472,4.070909,3.2631819,454.42465,3.12,1467.5837,2.822729,-23.502655,4.9899998,713.33112,816.85016,5.143440909,5.138918182,450.05063,5.16,959.7984,5.262575237
2006,7,3.0214286,3.3704762,460.4169686,459.72525,4.0938096,3.3895237,454.62238,3.13,1467.5143,2.981374,-23.770531,5.2399998,713.974,819.33441,5.195385,5.10426,450.32663,5.3,959.47534,5.225841574
2006,8,2.8704348,3.4182611,460.3969465,459.04446,3.9639132,3.4704349,454.76779,3.22,1467.8043,3.214412,-24.773598,5.25,716.01318,822.77545,5.0334,4.905504348,450.62231,5.16,959.94812,5.203603073
2006,9,2.8328571,3.4280953,460.2265973,459.23108,3.8247619,3.5785713,454.87201,3.34,1468.5498,3.360612,-24.116402,5.25,718.3432,824.72943,4.921785,4.763285,450.59457,5.08,960.24463,5.154019195
2006,10,2.645,3.2522728,459.532185,459.44638,3.8554544,3.6477273,454.97375,3.49,1468.4943,3.391158,-23.197083,5.25,721.76654,828.79346,4.937642857,4.761733333,450.625,5.11,960.44537,5.1526349
2006,11,2.4622726,3.1400001,460.1162165,458.92807,3.7704544,3.7063637,455.14819,3.55,1469.1827,3.424143,-25.313292,5.25,723.6604,830.71008,4.90367619,4.622090476,450.8179,5.07,960.94635,5.128251804
2006,12,2.322,3.0020001,461.1152258,458.55286,3.833158,3.7552631,455.40839,3.75,1469.7444,3.479705,-27.858799,5.2399998,725.58728,831.12897,4.85816,4.59835,451.203,5.06,960.62122,5.168082651
2007,1,2.205909,2.7622728,460.3368564,459.49701,4.0727272,3.9104545,455.78683,3.83,1469.4519,3.560591,-26.223217,5.25,726.13446,833.31329,4.988295238,4.7871,451.56815,5.2,960.76471,5.142853094
2007,2,2.043,2.6205001,460.6669062,459.21643,4.1110001,3.951,456.03546,3.79,1469.6013,3.619071,-26.803343,5.2600002,727.60358,834.99567,4.967321053,4.758273684,451.86606,5.18,961.30652,5.133778464
2007,3,2.3013637,2.8604546,461.4129927,458.92175,4.0054545,3.9581819,456.22903,3.92,1470.7357,3.723537,-28.077658,5.2600002,724.90881,831.13373,4.806831818,4.621745455,452.14606,5.02,960.61871,5.175418572
2007,4,2.0580001,2.737,462.1437158,457.6329,4.2226315,4.0957894,456.41324,4,1470.4672,3.751066,-30.127323,5.25,728.79327,837.48236,4.885695238,4.747828571,452.2937,5.07,961.35004,5.218030892
2007,5,1.9090909,2.5713637,461.9467491,456.45599,4.3438096,4.2242856,456.52713,4.19,1470.0625,3.850034,-30.093357,5.25,732.07208,839.98358,4.912318182,4.783627273,452.51114,5.12,961.56293,5.101846207
2007,6,1.9709524,2.5952382,461.4922477,455.92477,4.6314287,4.3666668,456.67624,4.21,1470.9049,3.91053,-29.404139,5.25,732.27844,840.51056,4.9727,5.139228571,452.71234,5.28,961.51434,5.006769964
2007,7,2.6540909,3.3486364,462.0551288,454.82523,4.5759091,4.4099998,456.86334,4.14,1470.3701,4.006875,-31.593065,5.2600002,732.6875,840.0188,4.903190476,5.056785714,452.90924,5.14,961.21851,5.020658647
2007,8,3.7082608,4.3099999,461.9763188,455.38824,4.3843479,4.2026086,457.04312,3.92,1471.0848,3.816324,-30.910328,5.02,728.23901,834.76385,4.4286,4.798447826,452.97632,4.72,962.36633,4.637870944
2007,9,3.9855001,4.4355001,462.8398312,454.12274,4.3270001,4.0665002,457.26675,3.92,1471.5759,3.763281,-32.895409,4.9400001,731.03662,836.25653,4.131021053,4.646157895,453.16769,4.33,962.53149,4.291435514
2007,10,3.5713043,4.1608696,463.5602393,451.92789,4.3773913,4.0799999,457.57803,3.87,1471.6786,3.847754,-35.256313,4.7600002,733.92517,839.62946,4.073881818,4.652159091,453.23264,4.21,962.52606,4.292607374
2007,11,4.5390911,5.3109093,465.0717001,450.81754,4.21,3.9904547,457.82309,3.76,1471.7738,3.883796,-38.411385,4.4899998,728.68311,836.96973,3.43075,4.3456,453.46918,3.8,962.5011,3.687703349
2007,12,4.8715,5.6945,464.9091373,451.9151,4.3364706,4.0505881,457.9382,3.85,1471.1227,3.964531,-37.635864,4.2399998,729.91962,838.61682,3.23216,4.34109,453.54608,3.52,962.77271,3.698654342
2008,1,5.9731817,6.7968183,465.2721488,451.34344,4.1572728,3.8045454,458.04993,3.49,1472.0381,3.8767,-38.645409,3.9400001,722.67566,829.86285,2.59647619,4.0061,453.66846,2.82,962.84528,2.655856103
2008,2,6.9990478,7.2452383,465.0143552,450.35443,4.1009521,3.5257142,458.13086,3.38,1472.6976,4.053112,-38.846985,2.98,721.11951,823.64655,1.923535,4.06594,453.7616,1.99,961.36102,2.13786591
2008,3,7.7164998,8.0830002,467.7955856,449.04993,3.9884212,3.5910525,458.38934,3.47,1471.5221,4.012206,-43.987209,2.6099999,718.33893,818.74084,1.515845,3.86755,453.92316,1.42,961.52423,1.874528626
2008,4,6.7913637,7.3931818,468.7763484,449.0025,4.2422729,3.885,458.61688,3.72,1472.3101,4.024553,-45.425255,2.28,722.28088,823.42639,1.781231815,3.997109098,454.02832,1.52,961.97144,1.812423398
2008,5,5.8540907,6.6927271,468.0926798,449.10501,4.3633332,4.1119046,458.83499,4.04,1471.5457,4.046689,-44.18911,1.98,724.55865,824.58545,2.0680238,4.183399978,454.26801,1.74,962.01538,1.95643709
2008,6,6.4752378,6.7309523,467.8327707,449.45612,4.644762,4.5485716,458.95505,4.42,1471.2672,4.15917,-44.162365,2,720.10419,816.78992,2.40483334,4.388576235,454.65854,2.05,963.22595,2.054012074
2008,7,8.1334782,7.7486959,467.944243,448.87488,4.6330433,4.5126085,458.92307,4.25,1471.0192,4.249132,-45.548435,2.01,713.68408,810.10883,2.25125911,4.277854573,454.85617,1.91,962.67609,2.052309765
2008,8,8.7033329,8.1914282,465.4817126,451.10397,4.3580952,4.3076191,458.96634,4.09,1471.2566,4.27851,-40.359627,2,715.57043,811.54022,2.139638095,4.157228583,454.948,1.78,962.28998,2.126082808
2008,9,9.7995453,9.1899996,464.2273274,453.30508,4.3022728,4.0890908,459.12744,3.58,1471.1816,3.753697,-36.239868,1.8099999,710.59863,806.8291,1.888423812,4.000676178,455.38705,1.55,960.73163,1.911304262
2008,10,17.016956,14.942609,461.8777189,460.2099,4.1552176,2.7086957,459.38443,2.45,1470.4915,4.258211,-28.618418,0.97000003,687.30743,787.0163,1.423772725,4.444709063,455.59424,1.09,960.1015,1.83924343
2008,11,20.212,17.863001,461.0356713,462.67404,3.891,2.177,459.54971,1.79,1469.1801,1.933334,-24.149876,0.38999999,678.14844,780.32196,1.009466658,4.241294424,455.29752,0.38,960.4024,1.41995424
2008,12,22.780455,20.309546,465.8521361,462.7861,3.3894737,1.8894737,459.60168,1.5,1468.4624,1.62492,-29.522648,0.16,677.68237,778.69861,0.487845452,3.055209095,455.21948,-0.05,958.55322,0.649730964
2009,1,18.936666,16.756191,466.032103,463.13995,3.4685714,1.3880953,459.69934,1.07,1467.189,0.797282,-28.031738,0.15000001,676.16364,775.61047,0.459730001,3.188225019,455.3317,0.01,958.84149,0.611179098
2009,2,19.9205,16.493999,465.4626795,465.44159,3.5540001,1.1135,459.74966,0.69,1466.3195,0.409809,-24.562712,0.22,669.12311,767.60187,0.646931582,3.529426324,455.45285,0.08,958.78143,0.876102516
2009,3,21.455,17.837727,467.5255794,466.51373,3.5018182,0.9768182,459.69238,0.51,1465.7679,0.123995,-26.575237,0.18000001,662.73846,759.64661,0.665145457,3.374100002,455.29858,-0.08,958.3407,0.750245201
2009,4,18.942381,15.596667,466.494739,463.496,3.5815001,1.0235,459.73047,0.53,1466.3002,0.275182,-27.682699,0.15000001,674.33081,772.13983,0.581699996,3.382961898,455.19934,-0.16,958.27655,0.4266285
2009,5,17.14381,12.544286,466.9927433,460.26901,3.8104999,0.94950002,459.69327,0.6,1465.9692,0.266165,-31.103138,0.18000001,680.41431,779.52222,0.523824999,3.782239997,455.10876,-0.09,958.45001,0.206639054
2009,6,14.794545,10.805909,468.1668157,459.08563,3.8968182,0.95272726,459.71765,0.53,1466.1803,0.171481,-33.760757,0.20999999,683.08429,780.3194,0.589459085,4.22523181,455.34415,0.05,958.55902,0.021533679
2009,7,13.574347,10.27,467.9535268,458.7598,3.7047827,0.73826087,459.73105,0.39,1466.8198,-0.46496,-34.268448,0.16,683.87366,780.7641,0.508636364,4.038400054,455.24457,-0.16,958.37823,-0.117377576
2009,8,10.863334,8.9714289,468.0092113,457.34708,3.5942857,0.79285711,459.81158,0.37,1466.1121,-0.73042,-35.541199,0.16,691.73352,790.17297,0.524676192,4.034519025,455.34177,-0.08,958.89783,-0.282742694
2009,9,9.8136368,8.4522724,469.0797272,456.96783,3.5618181,0.67909092,459.90097,0.31,1466.5702,-0.42021,-37.573898,0.15000001,695.10889,794.7052,0.429628572,3.826223805,455.38168,-0.22,959.05396,-0.406046108
2009,10,8.636364,7.7704544,469.8842662,455.46274,3.5459092,0.82545453,460.04901,0.42,1466.7881,-0.11909,-39.310486,0.12,697.30225,796.0271,0.413404761,3.775471426,455.5773,-0.16,960.28973,-0.474629614
2009,11,8.3195238,7.5619049,469.8933716,454.95047,3.5519047,0.78285712,460.14847,0.34,1466.8633,0.134013,-39.972271,0.12,699.19611,795.26898,0.332563157,3.795642125,455.69971,-0.36,959.81079,-0.610396798
2009,12,7.8027272,6.9363637,468.8223741,455.10355,3.4860001,0.75550002,460.15115,0.43,1467.353,0.192458,-37.91869,0.12,701.24121,797.49677,0.403181818,3.948150039,455.70331,-0.3,959.28577,-0.153977592
2010,1,6.8724999,6.21,466.6265285,454.74332,3.5655,0.708,460.11795,0.28,1466.6638,0.18898,-35.564182,0.11,702.40332,797.97614,0.386326315,4.066852645,455.81909,-0.33,960.01471,-0.447700339
2010,2,7.1809998,6.7319999,464.04408,455.92197,3.4560001,0.611,460.07651,0.16,1467.3423,0.029356,-31.371456,0.13,699.30389,791.09393,0.360957895,4.02642102,455.86182,-0.59,960.1073,-0.54468785
2010,3,6.811739,6.1217389,462.9960355,454.5777,3.392174,0.55043477,460.15421,0.21,1468.1456,0.212222,-30.51269,0.16,704.91644,796.90405,0.429386959,4.024169569,456.05643,-0.64,960.74078,-0.476349444
2010,4,6.0823808,5.5938096,461.5318517,453.64963,3.3564999,0.53049999,460.23987,0.2,1468.0712,0.336203,-29.305843,0.2,708.77942,798.49841,0.484304546,4.100518183,456.26355,-0.47,961.25293,-0.466496
2010,5,7.3409524,6.5009522,458.2924577,455.93842,3.0485713,0.28095239,460.29999,0.02,1468.1332,0.04641,-22.80962,0.2,702.49939,787.87708,0.424150001,3.700894952,456.40759,-0.81,961.00586,-0.482831831
2010,6,8.0263634,7.016818,456.3305982,455.9736,2.8763638,0.255,460.41052,0.18,1468.8779,0.39749,-19.949142,0.18000001,698.7558,787.87628,0.382890909,3.489159107,456.45294,-0.95,961.55127,-0.542088201
2010,7,7.2672725,6.7872729,458.4048689,455.02414,2.8495455,0.49681818,460.6026,0.36,1468.5963,0.641787,-24.438566,0.18000001,698.42212,788.92023,0.337023812,3.272947607,456.53687,-1.26,962.15045,-0.589675191
2010,8,6.645,6.755909,458.0979947,454.13287,2.590909,0.47590908,460.73935,0.14,1468.6277,0.53518,-25.405279,0.19,699.10919,790.50854,0.30287727,2.904249993,456.6687,-1.67,961.69476,-0.698543958
2010,9,6.213182,6.4213638,458.4048689,453.30569,2.5090909,0.52227271,460.80838,0.41,1469.1359,0.804367,-26.723234,0.19,702.27777,792.51398,0.296080948,2.867685727,456.79245,-1.68,962.11304,-0.795698812
2010,10,5.5323811,6.0119047,461.8185123,451.21591,2.5557144,0.74714285,460.87424,0.7,1469.8442,0.959316,-32.911861,0.19,706.60474,794.35358,0.249085,2.74898001,457.06198,-2.08,962.49475,-0.995158009
2010,11,5.7763638,5.8727274,460.6669062,451.17523,2.7654545,0.80136365,460.91394,0.58,1469.3329,0.764616,-31.168982,0.19,708.90741,794.05475,0.283939999,2.956334996,457.22931,-2.31,962.14783,-0.956014091
2010,12,5.9965219,5.5513043,458.4967479,451.33752,3.1761906,0.64190477,460.96045,0.44,1469.09,0.521886,-27.912958,0.18000001,712.4021,794.63843,0.326872725,3.544518211,457.38641,-1.76,962.66492,-0.884818562
2011,1,5.5138097,5.1242857,458.4252938,450.16586,3.2561905,0.75904763,461.04587,0.83,1469.8573,0.678463,-28.94626,0.17,715.66327,797.24445,0.301104999,3.631815016,457.57425,-1.5,961.53253,-1.011230476
2011,2,5.0089998,4.6574998,459.7138014,449.67184,3.4295001,1.059,461.08984,0.86,1470.4604,0.63638,-31.104633,0.16,718.61938,801.15442,0.332978948,3.797794744,457.73782,-1.22,961.77069,-1.091306473
2011,3,5.0573912,4.8365216,461.3039144,449.02649,3.4347825,1.2269565,461.2099,1.14,1470.1704,0.711471,-33.636719,0.14,717.34656,796.88751,0.291539133,3.639621735,457.97482,-1.33,963.08734,-0.991459607
2011,4,4.8755002,4.6574998,462.8105157,447.53558,3.5705264,1.4078947,461.32544,1.22,1470.1991,0.85815,-36.745132,0.1,719.3996,798.84985,0.285395002,3.685235012,458.22241,-1.12,963.20801,-1.066277564
2011,5,4.9836364,4.8468184,462.045281,447.36978,3.2927272,1.444091,461.42703,1.09,1470.149,1.030455,-36.091667,0.090000004,719.91205,796.73102,0.213971429,3.387476206,458.46429,-1.48,962.86761,-1.14043546
2011,6,5.4745455,5.4900002,462.192897,447.47806,3.1422727,1.3622727,461.48642,1.15,1470.1141,1.340296,-36.378365,0.090000004,716.02191,792.52991,0.206800001,3.217159076,458.56717,-1.96,962.38177,-1.121865999
2011,7,5.9895239,5.427619,461.2939923,446.41525,2.96,1.242381,461.57831,0.99,1470.1401,1.264553,-35.511543,0.07,718.92261,791.66241,0.21525,3.229035003,458.86316,-2.13,962.68219,-1.192269731
2011,8,7.8413043,6.9904346,461.7197566,447.31268,2.4743478,0.75,461.70288,0.49,1470.2461,0.962406,-36.06657,0.1,707.70819,773.81903,0.146791305,2.465578245,459.10809,-3.18,963.1452,-1.377129802
2011,9,9.1831818,7.6754546,460.8763721,450.14252,2.0259089,0.37181818,461.84824,0.36,1470.1379,0.405396,-31.974121,0.079999998,706.78394,766.05737,0.138004761,2.112733347,459.20303,-3.73,962.36676,-1.402458124
2011,10,9.1766663,7.9085712,461.3237557,451.47772,2.2176189,0.42619047,462.00644,0.42,1469.6948,0.578893,-31.50923,0.07,709.52911,774.52209,0.168095001,2.294769984,459.12015,-3.24,963.97632,-1.43724789
2011,11,8.9309092,7.6063638,460.8962984,452.10654,2.1127272,0.22772728,462.11533,0.23,1469.8606,0.066369,-30.415195,0.079999998,711.14783,771.34967,0.15424,2.124179995,459.22366,-3.08,963.78503,-1.483538621
2011,12,9.6523809,7.5304761,459.2388852,452.63083,2.1833334,0.057142857,462.19119,-0.07,1470.0739,-0.73268,-27.593664,0.07,712.54376,773.31384,0.156428572,2.079157159,459.29327,-2.96,963.79175,-1.466437995
2012,1,9.4971428,6.835238,457.0889252,451.55768,2.0177274,0.056363638,462.30762,-0.35,1470.2365,-0.29505,-25.495279,0.079999998,717.04877,777.55145,0.146955001,2.059384996,459.61389,-2.93,964.14185,-1.539785962
2012,2,8.0990477,6.2442856,457.4710979,449.77106,2.0509524,0.1395238,462.38611,-0.46,1469.1394,-0.46678,-27.941038,0.1,720.9657,782.73071,0.198475,2.049645013,459.84909,-3.02,965.57745,-1.451687169
2012,3,7.2281818,5.9618182,457.7079306,450.44971,2.0513637,0.12272727,462.50375,-0.3,1469.8988,-0.21804,-27.768467,0.13,723.64001,783.6673,0.230554545,2.277136358,460.04028,-2.75,964.25372,-1.266089579
2012,4,7.6830001,6.1335001,457.5432368,450.78287,1.8657895,0.081052631,462.63486,-0.53,1469.0544,-0.40327,-27.471287,0.14,723.44202,775.79114,0.223104763,2.137347607,460.19406,-2.74,964.91644,-1.262019666
2012,5,8.2082605,6.3134785,456.4139836,452.46667,1.5763637,0.033181816,462.67023,-0.88,1469.4769,-0.92082,-24.584137,0.16,720.11053,769.51807,0.2265,1.851045446,460.20874,-3.13,965.22565,-1.237225286
2012,6,8.4785709,6.7871428,455.7764064,453.77856,1.5342857,0.013809524,462.77435,-0.59,1469.5028,-0.67434,-22.521875,0.16,718.78741,767.42908,0.235361904,1.656390463,460.28696,-3.26,965.06769,-1.111066935
2012,7,8.2245455,6.355,453.7533537,452.68521,1.4104545,-0.056363635,462.87726,-1.06,1469.2946,-0.94126,-20.601181,0.16,721.50116,772.21454,0.215947617,1.555395251,460.44586,-3.31,965.50446,-1.178774127
2012,8,7.596087,5.9230433,453.7105455,451.78366,1.52,-0.074347824,462.98163,-1.25,1469.3135,-1.07731,-21.506769,0.13,724.66425,779.31879,0.213465218,1.737886957,460.7576,-3.17,964.93427,-1.258669075
2012,9,6.849,5.605,455.9230954,450.60187,1.628,-0.033500001,463.09985,-1.21,1469.2012,-1.01139,-25.112087,0.14,727.46924,783.60718,0.20668421,1.764768431,461.01953,-3.3,965.19794,-1.360464257
2012,10,6.5204544,5.4877272,456.4452353,450.42001,1.6130435,-0.01173913,463.18604,-1.23,1468.9138,-0.933,-26.036272,0.16,727.08063,782.53564,0.222542859,1.77977143,461.23822,-3.59,964.78271,-1.338975141
2012,11,6.3195453,5.7090907,455.902153,451.13834,1.4918182,-0.037727274,463.24933,-1.48,1468.9169,-0.98048,-24.899418,0.16,724.01733,782.95038,0.218399997,1.681185001,461.23691,-3.76,965.22632,-1.422846345
2012,12,5.6859999,5.3365002,457.3679519,450.80243,1.4570588,-0.050000001,463.40009,-1.68,1468.8184,-1.08649,-27.147078,0.16,725.99878,787.30048,0.202095,1.750355011,461.27914,-3.86,965.85474,-1.429900801
2013,1,5.0236363,4.9181819,458.7718792,451.02939,1.6045455,0.053636365,463.60074,-0.85,1468.0912,-0.6074,-28.421143,0.14,730.00037,790.64648,0.184833333,1.965290467,461.45291,-3.71,966.61639,-1.357628472
2013,2,5.3695002,4.993,459.7843411,452.05319,1.631,0.068499997,463.75568,-1.03,1468.1761,-0.80991,-28.953901,0.15000001,732.13727,787.48267,0.187610527,2.048336832,461.75061,-3.56,965.65314,-1.422478556
2013,3,5.197,4.8015003,458.169683,452.5527,1.478,-0.0065,463.93454,-1.41,1469.0208,-0.62494,-25.954004,0.14,734.65131,789.35297,0.18302,2.021490002,461.74539,-3.7,966.0545,-1.440589326
2013,4,5.0890908,4.764091,458.4048689,452.18448,1.3190476,0.00047619,463.99026,-1.66,1468.7705,-0.6751,-26.433622,0.15000001,735.92273,787.6958,0.166363637,1.790563638,461.78864,-4,966.13226,-1.523675285
2013,5,4.6169567,4.3782606,458.5783472,452.77869,1.4263636,-0.011818182,464.05539,-1.48,1469.1558,-0.17957,-26.09516,0.11,740.22632,793.22144,0.154368182,1.986140885,461.90924,-3.96,965.98816,-1.269020085
2013,6,5.2154999,5.0504999,460.4369866,454.08563,1.652,0.061999999,464.11551,-0.77,1468.9257,0.519213,-27.673717,0.090000004,738.93365,788.41534,0.170729999,2.406744981,462.11499,-3.13,966.67773,-0.969520218
2013,7,5.3356524,4.8169565,460.4269781,454.69604,1.686087,0.042608697,464.11868,-0.91,1469.2645,-0.4182,-26.845003,0.090000004,741.96503,789.58026,0.150195454,2.714063634,462.25021,-2.35,966.73499,-1.522271332
2013,8,4.880476,4.7509522,461.7296366,454.83954,1.8863636,0.080909088,464.14032,-0.64,1469.368,-0.22301,-28.588503,0.079999998,742.05096,793.86707,0.148218182,2.898490906,462.43054,-2.34,967.16388,-1.666404526
2013,9,4.79,4.6428571,461.7197566,454.67313,1.9995238,0.093333334,464.19162,-0.86,1469.422,-0.40968,-28.87182,0.079999998,743.07227,795.99426,0.146945,2.954149973,462.57077,-2.07,967.13385,-1.802347805
2013,10,4.5256519,4.554348,462.5266888,453.80746,1.893913,0.076956518,464.23486,-1.04,1469.5326,-0.37846,-31.002663,0.090000004,744.98798,800.24927,0.15889091,2.754240881,462.81656,-2.57,967.55591,-1.852104774
2013,11,4.3314285,4.3238096,462.4874769,454.72009,1.8347619,0.056666669,464.33075,-1.38,1469.8066,-0.28997,-29.956768,0.079999998,748.63092,802.48383,0.14956316,2.877684217,463.00815,-2.83,968.09259,-1.99894111
2013,12,3.7004762,4.0871429,463.9185065,455.21603,1.9711111,0.12,464.46295,-1.13,1469.5311,-0.11825,-31.505722,0.090000004,749.97711,800.95551,0.159614285,3.073033344,463.18155,-2.79,967.82782,-2.133235027
2014,1,3.5718181,3.9677272,463.9378357,456.29996,1.945909,0.10545454,464.64175,-1.38,1469.9226,-0.49043,-30.823122,0.07,750.77966,803.65643,0.144890475,3.006404775,463.30142,-2.4,967.21924,-2.376123278
2014,2,3.4749999,4.0304999,464.265863,456.58792,1.724,0.067999996,464.74365,-1.55,1470.3029,-0.60148,-31.175472,0.07,750.4765,803.43628,0.131836843,2.853026315,463.37088,-2.46,967.63574,-2.54228501
2014,3,3.1542857,3.8076191,465.3293461,456.59695,1.6671429,0.12142857,464.79596,-1.52,1469.943,-0.69597,-32.370281,0.079999998,753.02063,803.71094,0.135514286,2.852161907,463.56406,-2.21,967.66846,-2.624386887
2014,4,3.0257142,3.7052381,464.9761069,456.0101,1.628,0.138,464.81677,-1.51,1470.2601,-0.73402,-32.298374,0.090000004,753.05627,806.19147,0.10657619,2.826785723,463.78278,-1.67,968.40924,-2.891785821
2014,5,3.0945454,3.7536364,464.2273274,455.46423,1.4861904,0.081428573,464.80627,-1.84,1470.1338,-0.82405,-31.712114,0.090000004,754.41754,807.00482,0.094814286,2.659704753,463.98242,-1.49,968.922,-2.985642686
2014,6,3.065238,3.4719048,463.3757643,455.44315,1.4104762,0.013809524,464.84586,-1.95,1470.1713,-0.86085,-30.692024,0.1,757.40686,809.30267,0.124747619,2.707133327,464.1405,-1.31,969.22229,-2.88858154
2014,7,3.3652174,3.6530435,462.9472479,455.04041,1.2586956,0,464.9082,-2.02,1470.4023,-0.95766,-30.298178,0.090000004,758.73431,806.84088,0.129668183,2.638777289,464.31833,-1.07,969.87195,-2.836697391
2014,8,3.6719048,3.9780953,462.3108331,455.95337,1.0809524,-0.017142856,465.008,-2.23,1470.7173,-1.33887,-28.636919,0.090000004,758.13531,803.54492,0.127604762,2.516490471,464.39017,-0.86,970.41718,-2.89256163
2014,9,3.655,4.0599999,460.7168189,457.13431,1.0331818,-0.069545455,465.12674,-2.17,1470.827,-1.33213,-25.469255,0.090000004,759.74915,808.12402,0.140038094,2.634019046,464.48453,-0.57,969.8891,-2.805138911
2014,10,4.1034784,4.514348,460.1162165,458.48828,0.90681821,-0.056363635,465.25449,-2.19,1471.0226,-1.55011,-23.685165,0.090000004,756.87933,801.58679,0.125936364,2.401522734,464.54584,-0.68,970.61011,-2.801709471
2014,11,3.839,4.447,460.0660031,460.20422,0.847,-0.024,465.4021,-2.35,1471.0206,-1.88597,-22.091156,0.090000004,762.29083,804.73108,0.163233334,2.425705539,464.57492,-0.58,970.64111,-2.768344319
2014,12,3.9568181,5.0759091,460.7567311,462.82956,0.70473683,-0.048421051,465.53134,-2.36,1471.1907,-2.24902,-20.95195,0.12,762.75464,805.79938,0.261972727,2.2807273,464.55109,-0.37,970.44702,-2.420747928
2015,1,4.04,5.296,457.0578741,464.1655,0.45857143,-0.13428572,465.67648,-2.33,1471.896,-2.63146,-15.00382,0.11,761.48376,807.23138,0.222470001,1.951655,464.32809,-0.28,971.07928,-2.268755008
2015,2,3.8675001,4.724,455.1558417,465.3085,0.352,-0.18799999,465.90195,-2.1,1471.9191,-2.56119,-12.658936,0.11,764.10852,814.70203,0.251242107,2.069099991,464.50974,-0.07,971.89673,-1.973647789
2015,3,3.814091,4.6645455,452.1244951,466.70975,0.26090908,-0.2240909,466.03452,-1.98,1471.6964,-2.59693,-8.0273142,0.11,764.02692,820.38361,0.303754545,2.128486384,464.73862,-0.01,971.13165,-1.808445075
2015,4,3.8757143,4.6266665,451.0199948,465.62128,0.16250001,-0.264,466.13504,-1.7,1471.958,-2.00418,-7.4940352,0.12,764.72156,822.50684,0.267577273,2.018054545,464.86047,-0.15,972.03375,-1.594953161
2015,5,3.8039999,4.506,453.1308337,465.25998,0.61842108,-0.24578947,466.2691,-1.14,1472.2523,-2.34786,-10.871885,0.12,765.534,819.35529,0.288450001,2.306245005,465.09903,-0.07,971.97974,-1.433637114
2015,6,4.0663638,4.6599998,454.2762726,466.26755,0.88272727,-0.24272728,466.34433,-1.14,1472.4237,-2.34017,-11.447179,0.13,764.9317,816.65332,0.335072725,2.471886375,465.29764,-0.05,972.41833,-1.402027994
2015,7,4.2656522,5.1060867,453.3136983,467.96887,0.80391306,-0.28217393,466.4249,-1.61,1473.1528,-2.56418,-9.4897928,0.13,764.68384,817.28284,0.328122726,2.407690926,465.42438,-0.18,972.35962,-1.288219506
2015,8,4.4738097,5.6580954,455.9649671,470.39307,0.65190476,-0.27238095,466.53549,-1.66,1472.4458,-2.40126,-10.774023,0.14,761.99908,814.30902,0.406519047,2.241776183,465.47672,-0.13,972.2666,-0.920617426
2015,9,4.915,5.8681817,457.409223,471.5564,0.68136364,-0.26090908,466.63675,-1.88,1472.5277,-2.55926,-11.519821,0.14,757.25983,805.97589,0.421585715,2.258433319,465.42371,-0.19,972.73804,-0.742078595
2015,10,5.1622725,6.2109089,456.9232079,470.46747,0.5509091,-0.29727274,466.83798,-2.19,1472.7502,-2.72919,-11.637166,0.12,761.30078,809.37396,0.36572857,2.147319044,465.45807,-0.42,972.54071,-0.532405066
2015,11,4.7819047,6.1361904,453.9777967,471.4476,0.56666666,-0.3604762,466.93567,-2.6,1473.0327,-2.86056,-7.0946569,0.12,764.03662,814.30444,0.58863158,2.363810539,465.48184,-0.05,972.21124,-0.00499965
2015,12,5.0445452,6.8709092,455.902153,472.97333,0.611,-0.37799999,466.95135,-2.17,1473.5131,-2.56156,-8.4030476,0.23999999,762.75122,809.79626,0.748145453,2.336650003,465.38617,0.15,972.51538,0.257343933
2016,1,5.9365001,7.618,457.4298522,475.70224,0.51950002,-0.4285,466.95898,-2.6,1473.8896,-3.22174,-8.2458019,0.34,755.90765,801.61902,0.705857892,2.171821042,465.31805,0.12,972.4834,0.401942968
2016,2,6.0390477,8.2257147,458.7209861,475.04315,0.21666667,-0.48809522,466.98166,-3.18,1473.5643,-3.67688,-10.365461,0.38,755.17529,795.90936,0.606415004,1.867434996,465.26318,-0.2,972.48816,0.525883588
2016,3,5.3418183,6.983182,457.6462022,472.50912,0.19047619,-0.50047618,467.0657,-2.92,1473.8905,-3.76277,-10.422594,0.36000001,761.17273,801.63635,0.679154542,1.975654559,465.44199,0.11,973.56171,0.506534787
2016,4,4.8076191,6.6390476,458.3129055,470.87314,0.16428572,-0.50619048,467.09131,-2.76,1474.1204,-3.62411,-12.566995,0.37,763.79321,801.62207,0.578628566,1.867423818,465.81387,0.14,973.22522,0.407831709
2016,5,4.6913638,6.2609091,458.7108043,472.08282,0.16809523,-0.51476187,467.19943,-2.9,1474.0303,-3.81146,-12.313301,0.37,763.31146,800.0755,0.626842854,1.874328585,466.03433,0.2,973.14911,0.484172489
2016,6,4.7372727,6.1040912,458.3026821,472.3512,-0.006363637,-0.58045453,467.27731,-3.26,1473.9404,-4.3354,-11.585756,0.38,764.18976,797.55426,0.600245451,1.69759092,466.20837,0.17,973.4256,0.417986942
2016,7,4.4457145,5.6471429,458.0570069,472.95001,-0.1452381,-0.65238094,467.33289,-3.55,1474.1637,-4.54475,-10.150883,0.38999999,767.26251,797.87384,0.568859991,1.541014999,466.26181,0.05,973.27698,0.470311804
2016,8,4.0382609,5.3000002,458.4661309,472.15265,-0.14956522,-0.61695653,467.37799,-3.66,1474.4613,-4.52195,-11.435212,0.40000001,768.59174,800.3902,0.612286956,1.602486968,466.38641,0.27,973.80841,0.44985548
2016,9,4.0486364,5.1454544,458.6904377,473.12311,-0.10636364,-0.65818185,467.418,-3.61,1474.5184,-4.56958,-11.440081,0.40000001,767.67542,801.02722,0.660919048,1.682966664,466.50626,0.36,974.30646,0.510288419
2016,10,3.8728571,4.7366667,458.4865433,473.97879,-0.0065,-0.68650001,467.43469,-3.12,1474.9633,-3.62451,-9.7624273,0.40000001,766.99573,802.03174,0.693444997,1.813844991,466.73447,0.4,973.784,0.522724628
2016,11,4.0218182,4.889091,458.1594449,476.38754,0.21272728,-0.7318182,467.44083,-2.34,1475.1343,-4.17792,-7.6696157,0.41,768,801.50909,0.776765001,2.222989988,466.83109,0.52,974.47406,0.4292559
2016,12,3.8866665,4.2857141,457.171681,477.7226,0.32095239,-0.81476188,467.53333,-2.27,1475.5656,-4.52379,-5.2798734,0.54000002,771.71259,807.28101,0.900028572,2.59431428,467.02069,0.62,974.65051,0.422156164
2017,1,3.5390475,4.0114288,457.5535381,477.8186,0.33818182,-0.7318182,467.56329,-2.09,1475.0945,-4.62393,-5.9579172,0.64999998,772.97754,810.12817,0.871295002,2.508019996,467.27646,0.62,974.39801,0.3791602
2017,2,3.4974999,3.8529999,456.8091178,476.05658,0.3105,-0.84799999,467.75021,-2.31,1475.9044,-5.32227,-6.2258887,0.66000003,775.34906,809.95319,0.8812,2.497078971,467.37375,0.67,974.73468,0.391065588
2017,3,3.5008695,3.8982608,457.2026967,475.62286,0.37434784,-0.8595652,467.93341,-1.87,1476.6501,-5.37526,-6.6174765,0.79000002,776.92847,813.94263,1.05669565,2.552926084,467.36124,0.86,975.38885,0.636018155
2017,4,3.513684,3.9163158,456.7987395,474.72906,0.26166666,-0.81611109,468.18323,-1.94,1476.1221,-5.33408,-6.9721546,0.89999998,776.6098,815.80597,1.069410519,2.358994747,467.56351,0.88,974.64893,0.846359595
2017,5,3.087826,3.7434783,458.9040804,474.86649,0.40000001,-0.74363637,468.31894,-1.85,1476.5951,-5.50204,-10.044558,0.91000003,778.12659,818.91663,1.152222731,2.369813648,467.64209,0.98,975.54517,1.029010671
2017,6,2.8881817,3.7509091,459.7843411,473.64777,0.32761905,-0.72238094,468.41473,-1.91,1476.7832,-5.13594,-11.59326,1.04,779.72809,817.40521,1.224349997,2.2308,467.79343,1.03,975.98981,1.056183292
2017,7,2.8609524,3.6919048,461.4625345,472.44281,0.54952383,-0.70285714,468.43301,-1.72,1476.9812,-5.18477,-14.066363,1.15,780.54785,815.58838,1.241839993,2.366479981,467.92929,1.1,975.96027,1.079669606
2017,8,2.7065217,3.8339131,463.0057901,471.66174,0.41173911,-0.73739129,468.47968,-1.99,1477.0082,-5.43884,-16.606396,1.16,780.63544,814.64734,1.228313037,2.256791281,468.16418,1.04,976.20953,1.106300201
2017,9,2.6447618,3.7266667,463.0155439,470.68848,0.40952381,-0.76428568,468.55881,-1.91,1477.7166,-5.2564,-17.51545,1.15,782.11536,816.24554,1.272719991,2.239240026,468.47031,1.1,976.35443,1.10453559
2017,10,2.4590909,3.4922729,462.8105157,472.64398,0.4515,-0.77850002,468.64163,-1.95,1477.0939,-5.31811,-16.175144,1.15,784.65759,819.27594,1.394509531,2.385766665,468.68753,1.25,976.38165,1.156566976
2017,11,2.6063638,3.6818182,462.9472479,472.90872,0.40136364,-0.78636366,468.78162,-1.96,1478.1803,-5.22296,-16.02021,1.16,786.07782,818.89905,1.547842866,2.380457163,468.88303,1.33,977.2934,1.283581415
2017,12,2.8185,3.6005001,463.2396172,472.78961,0.39105263,-0.78684211,468.87802,-1.6,1478.5604,-4.8252,-16.856474,1.3,788.76837,817.8797,1.696764994,2.428570008,469.04141,1.46,977.47314,1.40846047
2018,1,2.5986364,3.3495455,463.9088404,470.67529,0.56954545,-0.67681819,469.03564,-1.15,1478.1621,-4.7183,-19.872137,1.41,793.35742,819.19928,1.83278572,2.597519057,469.24286,1.62,977.62189,1.399485364
2018,2,2.7725,3.5420001,464.3043838,470.10419,0.74699998,-0.66900003,469.11252,-1.12,1478.1577,-5.14663,-21.087114,1.42,790.27051,813.92133,1.98249997,2.890484208,469.45172,1.72,977.62543,1.546020686
2018,3,2.9300001,3.6347618,464.506375,470.51523,0.61714286,-0.69476187,469.25607,-1.25,1478.5581,-5.47613,-20.994057,1.51,790.18103,812.38574,2.080433312,2.856890485,469.68759,1.8,977.51404,1.646319034
2018,4,3.0238094,3.4733334,464.554408,470.32904,0.57249999,-0.667,469.379,-1.16,1478.7057,-5.59548,-20.505659,1.6900001,788.36121,814.82172,2.169609524,2.863914285,470.03622,1.92,977.99048,1.705115737
2018,5,3.2082608,3.4686956,463.4826071,472.9726,0.55428571,-0.67285717,469.50891,-1.36,1478.5789,-6.13478,-16.649372,1.7,790.14905,817.09589,2.281468153,2.983945435,470.34149,2.05,978.74603,1.769170334
2018,6,3.5676191,3.4395239,463.4437684,474.66263,0.4390476,-0.69761902,469.6152,-1.48,1478.9406,-6.34085,-15.511946,1.8200001,792.08936,814.39508,2.335671414,2.920547622,470.52826,2.07,978.42267,1.890022493
2018,7,3.6118181,3.5899999,464.6887779,474.92007,0.35636362,-0.69045454,469.75717,-1.43,1478.5306,-6.29016,-15.577504,1.91,793.50293,814.92218,2.39549999,2.89212857,470.65097,2.17,979.16205,1.918671457
2018,8,3.5669565,3.4526088,465.1862914,475.46844,0.35826087,-0.66565216,469.86462,-1.45,1479.2981,-6.40172,-14.396169,1.91,795.77673,814.22253,2.443417383,2.886969566,470.72125,2.23,979.11414,2.010714079
2018,9,3.5410001,3.3445001,466.2778499,475.99655,0.43700001,-0.62449998,469.97626,-1.19,1478.9348,-6.22178,-15.344752,1.95,797.29669,812.11487,2.562999976,2.996294724,470.85739,2.36,979.05493,2.165418118
2018,10,3.7791305,3.5191305,465.1958347,476.42334,0.4740909,-0.67454547,470.10156,-1.22,1478.9559,-6.1745,-13.834886,2.1900001,793.1651,808.43518,2.665981824,3.14985,471.082,2.45,979.59937,2.29952411
2018,11,4.3427272,4.0172729,464.3140117,477.62076,0.39454547,-0.68409091,470.22974,-1.31,1479.2841,-6.23587,-12.810419,2.2,790.94189,806.65887,2.714164996,3.118684995,471.19412,2.45,979.28986,2.403006906
2018,12,4.9435,4.7635002,464.400621,477.67343,0.26941177,-0.68235296,470.3576,-1.48,1479.1346,-6.1543,-12.96349,2.27,784.97198,802.62158,2.654089463,2.824536825,471.27277,2.36,979.04266,2.530868834
2019,1,4.800909,4.5722728,463.8121286,475.80463,0.20681818,-0.62272727,470.51093,-1.65,1479.2965,-6.33975,-13.245531,2.4000001,786.58398,803.53357,2.565147604,2.700204781,471.2406,2.33,980.37183,2.494002952
2019,2,4.2915001,4.1280003,463.1812117,475.64346,0.1075,-0.57699996,470.6857,-1.7,1479.8099,-6.29221,-12.672185,2.4000001,792.10535,807.7973,2.520421053,2.669136838,471.34384,2.32,979.86475,2.455418962
2019,3,3.9338095,4.0085716,462.8202885,475.89679,0.052857142,-0.57857144,470.85025,-1.94,1479.4774,-6.60259,-12.242757,2.4100001,793.87506,811.15369,2.472719034,2.572566691,471.55112,2.26,979.69012,2.40345582
2019,4,3.622381,3.7833333,462.7322991,475.88937,0.0055,-0.59149998,NaN,-2.01,NaN,-6.44305,-11.672611,2.4200001,797.37415,814.86078,2.400276161,2.538619041,471.84872,2.25,980.41931,2.408730447
2019,5,3.9956522,4.0639129,463.4243433,476.9577,-0.076363638,-0.61500001,NaN,-2.32,NaN,-6.82785,-11.194865,2.3900001,795.65759,812.7063,2.326781836,2.409977284,472.01129,2.15,980.4765,2.414468224
2019,6,3.9625001,4.2214999,463.821804,476.64276,-0.26157895,-0.66789472,NaN,-2.83,NaN,-7.08685,-12.161784,2.3800001,796.89069,813.31683,2.003764981,2.090699995,472.19241,1.84,980.4588,2.185719702
2019,7,3.5786364,3.9963636,463.0837933,476.07629,-0.33578947,-0.72217393,NaN,-3.42,NaN,-7.3432,-11.495415,2.4000001,800.50549,816.27258,1.978468185,2.063768176,NaN,1.75,NaN,NaN
2019,8,3.8245454,4.3013635,463.9088404,478.13547,NaN,-0.81681818,NaN,-4.36,NaN,-7.82362,-10.670649,NaN,797.15381,811.82037,1.774559097,1.635968187,NaN,1.5,NaN,NaN
2019,9,3.5176191,3.9438095,463.1422557,478.17361,NaN,-0.75333333,NaN,-4.26,NaN,-7.71973,-9.5654631,NaN,800.03668,816.45966,1.82768001,1.714435005,NaN,1.55,NaN,NaN
2019,10,3.7021739,4.0982609,463.1422557,477.63086,NaN,-0.70583332,NaN,-3.54,NaN,-7.41864,-10.005337,NaN,799.8775,817.48303,1.656240913,1.714895443,NaN,1.46,NaN,NaN
2019,11,3.5785,4.0514998,462.5952725,477.40067,NaN,NaN,NaN,-2.99,NaN,-7.17465,-9.9922647,NaN,804.0708,821.42181,1.645584207,1.832894733,NaN,1.42,NaN,NaN
2019,12,3.2671428,3.7219048,462.6344421,476.84747,NaN,NaN,NaN,-2.32,NaN,-6.40368,-10.556122,NaN,806.35071,822.01245,1.646557132,1.891790481,NaN,1.43,NaN,NaN
